-- MySQL dump 10.13  Distrib 8.0.36, for Linux (x86_64)
--
-- Host: localhost    Database: ssafy_web_db
-- ------------------------------------------------------
-- Server version	8.0.36

/*!40101 SET @OLD_CHARACTER_SET_CLIENT=@@CHARACTER_SET_CLIENT */;
/*!40101 SET @OLD_CHARACTER_SET_RESULTS=@@CHARACTER_SET_RESULTS */;
/*!40101 SET @OLD_COLLATION_CONNECTION=@@COLLATION_CONNECTION */;
/*!50503 SET NAMES utf8mb4 */;
/*!40103 SET @OLD_TIME_ZONE=@@TIME_ZONE */;
/*!40103 SET TIME_ZONE='+00:00' */;
/*!40014 SET @OLD_UNIQUE_CHECKS=@@UNIQUE_CHECKS, UNIQUE_CHECKS=0 */;
/*!40014 SET @OLD_FOREIGN_KEY_CHECKS=@@FOREIGN_KEY_CHECKS, FOREIGN_KEY_CHECKS=0 */;
/*!40101 SET @OLD_SQL_MODE=@@SQL_MODE, SQL_MODE='NO_AUTO_VALUE_ON_ZERO' */;
/*!40111 SET @OLD_SQL_NOTES=@@SQL_NOTES, SQL_NOTES=0 */;

--
-- Table structure for table `announcement`
--

DROP TABLE IF EXISTS `announcement`;
/*!40101 SET @saved_cs_client     = @@character_set_client */;
/*!50503 SET character_set_client = utf8mb4 */;
CREATE TABLE `announcement` (
  `id` bigint NOT NULL AUTO_INCREMENT,
  `created_at` datetime(6) DEFAULT NULL,
  `updated_at` datetime(6) DEFAULT NULL,
  `content` text NOT NULL,
  `title` varchar(255) NOT NULL,
  PRIMARY KEY (`id`)
) ENGINE=InnoDB DEFAULT CHARSET=utf8mb4 COLLATE=utf8mb4_0900_ai_ci;
/*!40101 SET character_set_client = @saved_cs_client */;

--
-- Dumping data for table `announcement`
--

LOCK TABLES `announcement` WRITE;
/*!40000 ALTER TABLE `announcement` DISABLE KEYS */;
/*!40000 ALTER TABLE `announcement` ENABLE KEYS */;
UNLOCK TABLES;

--
-- Table structure for table `chat_session`
--

DROP TABLE IF EXISTS `chat_session`;
/*!40101 SET @saved_cs_client     = @@character_set_client */;
/*!50503 SET character_set_client = utf8mb4 */;
CREATE TABLE `chat_session` (
  `session_id` binary(16) NOT NULL,
  `bot_id` bigint NOT NULL,
  `created_at` datetime(6) DEFAULT NULL,
  `status` varchar(255) NOT NULL,
  `title` varchar(255) NOT NULL,
  `updated_at` datetime(6) DEFAULT NULL,
  `user_id` varchar(255) NOT NULL,
  PRIMARY KEY (`session_id`)
) ENGINE=InnoDB DEFAULT CHARSET=utf8mb4 COLLATE=utf8mb4_0900_ai_ci;
/*!40101 SET character_set_client = @saved_cs_client */;

--
-- Dumping data for table `chat_session`
--

LOCK TABLES `chat_session` WRITE;
/*!40000 ALTER TABLE `chat_session` DISABLE KEYS */;
INSERT INTO `chat_session` VALUES (_binary '\0\dHzJ+	',1,'2025-02-20 23:29:16.961953','ACTIVE','안녕','2025-02-20 23:29:22.480744','cakejuuu@gmail.com'),(_binary '<5\E$`IeIc',3,'2025-02-20 17:03:16.407609','ACTIVE','안녕','2025-02-20 17:03:16.847172','iksses545@gmail.com'),(_binary '쾌\\NChY\',1,'2025-02-18 21:23:29.733637','ACTIVE','ㅎㅇ','2025-02-18 21:23:29.733650','amorinael@gmail.com'),(_binary '!\\\F1͒F/\',2,'2025-02-21 12:34:36.975032','ACTIVE','안녕','2025-02-21 12:34:46.584868','cakejuuu@gmail.com'),(_binary '\;K\'S%*`',1,'2025-02-17 09:35:52.630387','ACTIVE','안녕','2025-02-17 09:35:52.630397','eclatantsum@gmail.com'),(_binary 'Qa\=G]\Xj1$>',1,'2025-02-17 09:38:32.823368','ACTIVE','안녕 내 건강운 봐줄래?','2025-02-17 09:38:32.823378','eclatantsum@gmail.com'),(_binary 'ɄLlpړAh',1,'2025-02-17 14:43:04.129460','ACTIVE','하이','2025-02-17 14:43:04.129496','mgh123rg@gmail.com'),(_binary 'G6+\\D\L',2,'2025-02-20 05:36:54.976871','CLOSED','안녕 타로 점을 봐줄래?','2025-02-20 05:37:33.184181','distere3670@gmail.com'),(_binary 'tY/e@F\nB.',2,'2025-02-21 13:26:46.270497','ACTIVE','하이','2025-02-21 13:26:46.270508','megahawk88@gmail.com'),(_binary 'x\\J\D,\\',1,'2025-02-16 14:36:50.703502','CLOSED','안뇽','2025-02-16 14:42:55.732127','mgh123rg@gmail.com'),(_binary 'hJG\dU',1,'2025-02-21 09:39:02.747799','ACTIVE','하위','2025-02-21 09:39:03.124949','mgh123rg@korea.ac.kr'),(_binary '*QvNƽV\\\Q',1,'2025-02-17 16:53:58.309814','ACTIVE','타로점 볼래','2025-02-17 16:53:58.309842','eclatantsum@gmail.com'),(_binary '\\MY8\\1z',1,'2025-02-18 10:07:12.202284','ACTIVE','타로점 볼래','2025-02-18 10:07:12.202294','eclatantsum@gmail.com'),(_binary 'IJɜ\m\n>\\',3,'2025-02-20 21:43:03.003805','ACTIVE','ㅎㅇ','2025-02-20 21:43:03.376602','cross3677@gmail.com'),(_binary '\'\<wN)\',2,'2025-02-21 13:30:46.315015','CLOSED','균형의 선택, Temperance','2025-02-21 13:38:38.884502','ahnju98@gmail.com'),(_binary '_\O=\n2\^',1,'2025-02-21 11:24:20.220971','ACTIVE','안녕','2025-02-21 11:24:20.895596','iksses545@gmail.com'),(_binary 'MMcYYkra',1,'2025-02-20 11:10:01.731751','ACTIVE','안녕 타로 봐줘','2025-02-20 11:13:32.886828','cakejuuu@gmail.com'),(_binary '\\\D.q',1,'2025-02-19 09:07:41.124110','CLOSED','안녕 타로 봐줄 수 있어?','2025-02-19 09:08:44.912006','eclatantsum@gmail.com'),(_binary 'Mp\Ov{C\\B',1,'2025-02-16 18:06:49.782423','ACTIVE','ㅇ','2025-02-16 18:06:49.782450','for.study.only.you@gmail.com'),(_binary 'ǊW\Mu!W\uy',3,'2025-02-18 17:21:07.951849','ACTIVE','안녕하세요, 타로 상담을 시작하겠습니다.','2025-02-18 17:21:07.951858','mgh123rg@gmail.com'),(_binary ',Į6@\n\?H2sO',2,'2025-02-21 12:20:43.523992','ACTIVE','타로좀 봐줘','2025-02-21 12:20:43.524004','kwonseoy@gmail.com'),(_binary '\0\okK\e\\z\',1,'2025-02-21 15:45:10.050096','CLOSED','내면의 힘을 찾는 시간','2025-02-21 15:48:46.977617','ssafy.coach001@gmail.com'),(_binary '痤3FDqHX\',1,'2025-02-19 10:21:23.457591','ACTIVE','안녕 타로점 봐줄래?','2025-02-19 10:21:23.787622','eclatantsum@gmail.com'),(_binary ' \\ZXMy):\\',1,'2025-02-20 11:09:06.448785','ACTIVE','안녕 타로봐줘','2025-02-20 11:09:25.222410','cakejuuu@gmail.com'),(_binary ' \\\(vA\\\\AZ',1,'2025-02-20 05:35:18.941962','CLOSED','안녕','2025-02-20 09:22:21.555487','eclatantsum@gmail.com'),(_binary '&3!\GhK\I7',3,'2025-02-21 14:00:42.263878','ACTIVE','안녕하세요','2025-02-21 14:00:42.263887','ahnju98@gmail.com'),(_binary '&]\\K9\0]\[\'',2,'2025-02-20 21:42:23.461245','ACTIVE','ㅎㅇ','2025-02-20 21:42:23.977757','cross3677@gmail.com'),(_binary '&d\N3z\}',1,'2025-02-17 13:46:47.283792','ACTIVE','안녕~','2025-02-17 13:46:47.283821','mgh123rg@gmail.com'),(_binary '(+hCG7\#(',2,'2025-02-21 13:33:41.472751','CLOSED','재물운의 승리','2025-02-21 13:38:25.199858','mgh123rg@gmail.com'),(_binary '(_kpA|%[\_',2,'2025-02-20 09:23:20.327224','ACTIVE','안녕 오늘 내 운세 봐줄래?','2025-02-20 09:23:20.639387','eclatantsum@gmail.com'),(_binary ')MRKni\',1,'2025-02-21 13:36:00.116268','ACTIVE','안녕','2025-02-21 13:36:00.116279','megahawk88@gmail.com'),(_binary '+\"U\+L\\'\8V',2,'2025-02-21 15:41:35.571669','ACTIVE','안녕','2025-02-21 15:41:35.571679','ssafy.coach001@gmail.com'),(_binary '/g&\ByWzQ\r',1,'2025-02-17 13:08:33.182266','ACTIVE','하위','2025-02-17 13:08:33.182280','mgh123rg@gmail.com'),(_binary '0\|36K]*Pk',1,'2025-02-17 17:49:37.831475','ACTIVE','ㅁㄴㅇㄹ','2025-02-17 17:49:37.831491','iksses545@gmail.com'),(_binary '2\PcVC\vz4',1,'2025-02-18 18:34:47.715034','ACTIVE','레츠고고','2025-02-18 18:41:20.210984','mgh123rg@gmail.com'),(_binary '3x\0C\Zh/s\',1,'2025-02-17 09:36:06.550563','ACTIVE','안녕하세요, 타로 상담을 시작하겠습니다.','2025-02-17 09:36:06.550575','eclatantsum@gmail.com'),(_binary '3\\\G\JVSG_/4E?',1,'2025-02-18 17:23:38.358470','ACTIVE','하이','2025-02-18 17:23:38.358480','mgh123rg@gmail.com'),(_binary '4\%\sAEA﹐',2,'2025-02-21 11:31:38.107528','CLOSED','사랑과 조화의 관계','2025-02-21 11:32:15.425315','cakejuuu@gmail.com'),(_binary '7\\0\GѨZj9e',2,'2025-02-21 11:31:11.288575','ACTIVE','오늘의 연애운 궁금해 타로를 봐줘!','2025-02-21 11:31:11.288588','cakejuuu@gmail.com'),(_binary '8\<\EQA񘰒',2,'2025-02-21 11:26:11.073802','CLOSED','건강을 위한 꾸준한 노력','2025-02-21 12:26:47.532621','mgh123rg@korea.ac.kr'),(_binary '94*nJT5\nb',2,'2025-02-21 13:47:56.465877','ACTIVE','반려견 분리불안 케어 서비스','2025-02-21 13:47:57.105788','mgh123rg@gmail.com'),(_binary ';`2DO*\\P7',2,'2025-02-20 11:23:46.423423','ACTIVE','나비 반가워','2025-02-20 11:24:10.480798','gunil099@gmail.com'),(_binary ';DgK[];\\v',1,'2025-02-21 12:26:18.566472','ACTIVE','타로운 봐줘','2025-02-21 12:26:18.566481','kwonseoy@gmail.com'),(_binary '>Q\\RBs\!I\',2,'2025-02-20 05:51:14.554544','CLOSED','안녕','2025-02-20 05:56:28.798542','distere4@gmail.com'),(_binary '?`\fJN#8\Qv',1,'2025-02-21 11:28:41.151759','ACTIVE','asd','2025-02-21 11:28:41.842188','cross3677@gmail.com'),(_binary '@BNOh\+Vӆ',3,'2025-02-20 15:28:09.089766','ACTIVE','하이하이','2025-02-20 15:28:09.501613','iksses545@gmail.com'),(_binary 'D0ZFEg\I<',1,'2025-02-17 13:08:32.466222','ACTIVE','안녕?','2025-02-17 13:08:32.466249','iksses545@gmail.com'),(_binary 'D\&FsÛg\',2,'2025-02-21 13:24:01.643635','ACTIVE','나의 10년 간의 재물운에 대해서 타로를 보고 싶어','2025-02-21 13:24:02.266909','megahawk88@gmail.com'),(_binary 'H;\HX\i\',2,'2025-02-18 17:17:48.468055','ACTIVE','안녕하세요, 타로 상담을 시작하겠습니다.','2025-02-18 17:17:48.468063','mgh123rg@gmail.com'),(_binary 'K\ӉFyn;{~',1,'2025-02-21 12:22:19.048559','CLOSED','연애에서의 진실한 소통','2025-02-21 12:23:06.337355','cakejuuu@gmail.com'),(_binary 'Ln{\MAK*g\CX',1,'2025-02-21 12:20:33.215372','CLOSED','해외 직구, 신중함이 필요','2025-02-21 12:22:16.826308','gunil099@gmail.com'),(_binary 'M.VIF;',1,'2025-02-21 11:29:56.425030','ACTIVE','안녕 오늘 내 운세 한번 봐줄래?','2025-02-21 11:30:18.542229','eclatantsum@gmail.com'),(_binary 'Mɼu.KCg\.',3,'2025-02-20 05:45:25.383727','CLOSED','안녕','2025-02-20 05:46:13.264710','distere3670@gmail.com'),(_binary 'NLX֯\',1,'2025-02-17 09:34:40.250789','ACTIVE','안녕','2025-02-17 09:34:40.250798','mgh123rg@gmail.com'),(_binary 'P~\"O۰\Ī9.',1,'2025-02-17 17:58:31.915883','ACTIVE','할로','2025-02-17 17:58:31.915892','mgh123rg@gmail.com'),(_binary 'R|/\4rLԩ',1,'2025-02-20 21:15:33.781379','ACTIVE','배고파','2025-02-20 21:15:34.158213','tinyfeather1004@gmail.com'),(_binary 'R/@Ok\S8',3,'2025-02-18 18:10:29.404754','CLOSED','안녕하세요, 타로 상담을 시작하겠습니다.','2025-02-18 18:11:16.189402','eclatantsum@gmail.com'),(_binary 'T\؉\B\\.\T\U',3,'2025-02-20 05:20:17.142303','ACTIVE','안녕','2025-02-20 05:20:26.617076','cross3677@gmail.com'),(_binary 'T\	Mœ/\'\',2,'2025-02-21 13:26:33.685277','ACTIVE','안녕','2025-02-21 13:26:40.364298','megahawk88@gmail.com'),(_binary 'T\<;6!D\{6\\_',3,'2025-02-21 14:00:29.162666','ACTIVE','지금 석규, 영진, 률아, 하나 중에 평가해야하는데 최우수 누구 줄까 ㅌ타로점볼래','2025-02-21 14:00:34.100460','ahnju98@gmail.com'),(_binary 'Ws\WpC@\&ZO/',2,'2025-02-21 13:37:37.377279','CLOSED','새로운 기회를 향한 발걸음','2025-02-21 13:39:37.090052','devseungbeom@gmail.com'),(_binary 'W\eOEB[c',2,'2025-02-20 12:38:44.564355','ACTIVE','안녕? 오늘 내 운 어떤지 한번 봐줄래?','2025-02-20 12:43:00.375050','eclatantsum@gmail.com'),(_binary 'X\2=N?d\',2,'2025-02-20 15:27:42.323086','ACTIVE','안녕?','2025-02-20 15:27:53.198045','iksses545@gmail.com'),(_binary 'Y0\nAgiQ	\8',1,'2025-02-17 09:34:09.206628','ACTIVE','하위','2025-02-17 09:34:09.206637','mgh123rg@gmail.com'),(_binary 'Z\\nDiS Q',1,'2025-02-21 13:36:18.566407','ACTIVE','안녕하세요','2025-02-21 13:36:29.932865','jongwooo.han@gmail.com'),(_binary ']S,\Hؚ\0\\',1,'2025-02-20 09:28:21.184086','ACTIVE','안녕 내 운세 봐줘!!!','2025-02-20 09:29:35.606776','eclatantsum@gmail.com'),(_binary '_B\\\Fp\e؟',1,'2025-02-17 13:53:50.251779','ACTIVE','안녕하세요, 타로 상담을 시작하겠습니다.','2025-02-17 13:53:50.251789','eclatantsum@gmail.com'),(_binary '`\CR\nN7/\`\\w{',2,'2025-02-21 15:52:41.364909','CLOSED','새로운 시작을 향한 이사','2025-02-21 16:14:11.797004','ektha7664@naver.com'),(_binary 'b^Q\\\Jcjy\̏',2,'2025-02-21 11:11:54.841729','ACTIVE','안녕 네 이름이 뭐니?','2025-02-21 11:13:09.118681','mgh123rg@gmail.com'),(_binary 'bw~\4DmV\B',1,'2025-02-21 11:36:06.824089','ACTIVE','ㅎㅇ','2025-02-21 11:36:07.629848','cross3677@gmail.com'),(_binary 'b\?\&MNԿ_',1,'2025-02-20 18:50:16.748804','CLOSED','주도적인 열정의 필요성','2025-02-20 18:52:50.401291','mgh123rg@gmail.com'),(_binary 'g8!L\o\\b',3,'2025-02-20 09:23:37.907583','ACTIVE','안녕','2025-02-20 09:27:00.049629','eclatantsum@gmail.com'),(_binary 'g\\}$I\,i',3,'2025-02-20 05:44:14.941453','ACTIVE','타로 점을 봐줄래?','2025-02-20 05:44:21.287847','distere3670@gmail.com'),(_binary 'j\0\n\/O7V/)',1,'2025-02-17 09:02:53.495455','ACTIVE','안녕','2025-02-17 09:02:53.495464','iksses545@gmail.com'),(_binary 'j|:\Kr\/0\F',1,'2025-02-21 15:36:21.444084','ACTIVE','안녕하세요','2025-02-21 15:40:21.259359','ssafy.coach001@gmail.com'),(_binary 'k1S.ZB2\쯝y\',1,'2025-02-19 21:19:16.657012','CLOSED','안녕~','2025-02-19 21:24:55.922644','mgh123rg@gmail.com'),(_binary 'l\\M	\\2K',2,'2025-02-20 06:03:14.260109','CLOSED','타로 점을 봐줘','2025-02-20 06:03:37.805664','distere3670@gmail.com'),(_binary 'm\\\D\\;G',1,'2025-02-20 15:09:43.784745','CLOSED','희망의 메시지, The Star','2025-02-20 15:16:24.867243','cross3677@gmail.com'),(_binary 'r4\}\Fզ9;]#l',1,'2025-02-19 18:02:19.850407','ACTIVE','하이','2025-02-19 18:02:19.850421','mgh123rg@gmail.com'),(_binary 'sUH\E͆J',3,'2025-02-20 09:23:01.001682','ACTIVE','안녕','2025-02-20 09:23:01.386297','eclatantsum@gmail.com'),(_binary 'x\ D\0.~p',2,'2025-02-21 12:20:13.847203','ACTIVE','안녕 타로운 봐줘','2025-02-21 12:20:14.788848','kwonseoy@gmail.com'),(_binary 'yA8,I;a\\T',2,'2025-02-21 11:02:18.862968','CLOSED','건강을 위한 균형의 중요성','2025-02-21 11:03:41.812344','mgh123rg@gmail.com'),(_binary 'yDd\ύDy\nv\'\',1,'2025-02-21 12:18:19.217662','ACTIVE','안녕 진이야~','2025-02-21 12:18:38.887303','gunil099@gmail.com'),(_binary 'y\D*\dס\',1,'2025-02-21 15:43:14.840800','ACTIVE','안녕','2025-02-21 15:43:14.840810','ssafy.coach001@gmail.com'),(_binary 'zVO`-5\',1,'2025-02-17 00:01:48.768973','ACTIVE','sd','2025-02-17 00:01:48.768984','for.study.only.you@gmail.com'),(_binary '|Z٥՜A\'G',1,'2025-02-21 09:58:51.716849','ACTIVE','ㅎㅇ','2025-02-21 10:00:33.512215','cross3677@gmail.com'),(_binary '~}\°FJ\cJ\',2,'2025-02-21 12:20:37.336713','CLOSED','자신감을 가지고 나아가라','2025-02-21 12:21:43.252269','mgh123rg@gmail.com'),(_binary '~\\jF\\5\\',1,'2025-02-20 05:09:12.539010','CLOSED','안녕','2025-02-20 05:10:07.473648','cross3677@gmail.com'),(_binary '\Ě\H 8f\#P-',3,'2025-02-21 15:41:14.217501','ACTIVE','나 타로 하고 싶어','2025-02-21 15:41:14.217511','ssafy.coach001@gmail.com'),(_binary '9͙\M~\\\}',1,'2025-02-21 12:19:20.678103','ACTIVE','안녕 오늘 발표 운 봐줄래?','2025-02-21 12:19:21.586307','kwonseoy@gmail.com'),(_binary '\-\H\\Z\,\.',2,'2025-02-21 12:25:20.150469','CLOSED','갈등 속에서의 대처법','2025-02-21 12:25:50.240343','kwonseoy@gmail.com'),(_binary '\{gBHBzȻ%\Z\',3,'2025-02-20 11:10:21.609415','ACTIVE','안녕하세요!','2025-02-20 11:21:58.029448','kwonseoy@gmail.com'),(_binary '\,(Cq\\\l',1,'2025-02-19 09:25:25.691371','ACTIVE','d','2025-02-19 09:25:26.185251','cross3677@gmail.com'),(_binary 'g\n@zϧ',1,'2025-02-21 11:34:41.056219','ACTIVE','안녕','2025-02-21 11:37:04.414320','gunil099@gmail.com'),(_binary '{iH:&\O',1,'2025-02-20 12:58:24.736744','CLOSED','ㅎㅇ루','2025-02-20 13:05:29.251161','mgh123rg@gmail.com'),(_binary 'k\\DFn\l_`',1,'2025-02-17 17:56:37.041171','ACTIVE','하이','2025-02-17 17:56:37.041180','iksses545@gmail.com'),(_binary '˞J1_}\',1,'2025-02-21 13:47:53.394989','ACTIVE',' 너 뭐야','2025-02-21 13:47:54.044441','ytokogg@gmail.com'),(_binary 'Q\BJ-\`̰',3,'2025-02-20 16:27:02.500146','CLOSED','새로운 시작의 기회','2025-02-20 16:33:24.288052','iksses545@gmail.com'),(_binary '(\\DV9S)\\n\(',1,'2025-02-21 09:13:47.707643','ACTIVE','타로점 봐줘','2025-02-21 09:13:48.087864','kwonseoy@gmail.com'),(_binary '\\}#YOȦ\\'\0e',1,'2025-02-17 09:35:43.220849','ACTIVE','안녕하세요, 타로 상담을 시작하겠습니다.','2025-02-17 09:35:43.220858','eclatantsum@gmail.com'),(_binary '\\2M]];P',3,'2025-02-21 15:42:09.282859','ACTIVE','나 타로 보고 싶어','2025-02-21 15:42:09.282869','ssafy.coach001@gmail.com'),(_binary '\s/ D#\\h^',2,'2025-02-20 10:44:48.919634','ACTIVE','하이루','2025-02-20 10:45:15.294859','mgh123rg@gmail.com'),(_binary '\H#@\DS\'?\',1,'2025-02-20 21:42:47.244261','ACTIVE','ㅎㅇ','2025-02-20 21:42:47.628382','cross3677@gmail.com'),(_binary 'z%FmCqԮR',1,'2025-02-21 13:30:16.253200','ACTIVE','안녕 나 오늘 기분이 안 좋아 타로 볼래','2025-02-21 13:30:16.253210','devseungbeom@gmail.com'),(_binary 'Af{E\_x9\\3',2,'2025-02-20 10:49:43.466660','CLOSED','새로운 감정의 시작','2025-02-21 11:11:40.991560','mgh123rg@gmail.com'),(_binary 'N\ZuMO\\^\\',2,'2025-02-18 17:31:40.925014','ACTIVE','안녕하세요, 타로 상담을 시작하겠습니다.','2025-02-18 17:32:24.953698','mgh123rg@gmail.com'),(_binary 'ۺ\K}\"\1wY',3,'2025-02-20 05:44:53.562709','ACTIVE','타로 점을 봐줄래?','2025-02-20 05:45:03.592489','distere3670@gmail.com'),(_binary 'b\1\PC\U\	',3,'2025-02-20 11:06:45.535259','CLOSED','루미 안녕','2025-02-20 11:27:12.692207','iksses545@gmail.com'),(_binary 'a\-@\`dz\',1,'2025-02-21 16:17:12.963164','ACTIVE','안녕','2025-02-21 16:17:40.740718','ektha7664@naver.com'),(_binary 'ՇE}AҿHp\C',1,'2025-02-17 13:08:55.114801','ACTIVE','하위','2025-02-17 13:08:55.114811','mgh123rg@gmail.com'),(_binary 'up3G\e5\l',2,'2025-02-19 19:22:10.139976','ACTIVE','헤이','2025-02-19 19:22:18.316462','mgh123rg@gmail.com'),(_binary '%fIX\\\:',1,'2025-02-20 12:59:51.712658','CLOSED','안녕 오늘 내 운세는 어떨 거 같아?','2025-02-20 13:20:37.589428','eclatantsum@gmail.com'),(_binary 'z$o\0KF,E\\',1,'2025-02-19 19:23:35.503650','CLOSED','야','2025-02-19 22:13:58.703292','mgh123rg@gmail.com'),(_binary 'x@I؝1F1\\',1,'2025-02-17 17:52:54.391383','ACTIVE','새로운 채팅 시작','2025-02-17 17:52:54.391396','iksses545@gmail.com'),(_binary '\G\zHF3\&z\\\',2,'2025-02-21 13:38:26.188805','ACTIVE','안녕','2025-02-21 13:38:26.860701','cakejuuu@gmail.com'),(_binary '׮^^G\\S\nׯʧ',2,'2025-02-21 13:28:02.927325','ACTIVE','타로 볼래','2025-02-21 13:28:02.927335','devseungbeom@gmail.com'),(_binary '\#OVJӶ',2,'2025-02-20 21:17:23.184704','CLOSED','내일의 선택과 기회','2025-02-20 21:18:09.655621','cross3677@gmail.com'),(_binary 'ͽKMZl\\w4',1,'2025-02-21 11:31:18.003384','ACTIVE','오늘의 연애운 궁금해','2025-02-21 11:31:18.003393','cakejuuu@gmail.com'),(_binary 'E,&/KRjk',1,'2025-02-20 15:27:33.957853','ACTIVE','안녕?','2025-02-20 15:27:34.349829','iksses545@gmail.com'),(_binary '\&JOd\Y\Jq',1,'2025-02-17 17:02:50.592788','ACTIVE','안녕하세요, 타로 상담을 시작하겠습니다.','2025-02-17 17:02:50.592822','mgh123rg@gmail.com'),(_binary 'ꍙ<HƩ\\H',1,'2025-02-18 18:10:21.339628','ACTIVE','안녕하세요, 타로 상담을 시작하겠습니다.','2025-02-18 18:10:22.113368','eclatantsum@gmail.com'),(_binary 'kY6MHǷ=b',1,'2025-02-21 11:29:16.396595','CLOSED','발표 준비의 중요성','2025-02-21 11:30:58.601623','gunil099@gmail.com'),(_binary 'BK:C\YZj',1,'2025-02-19 18:29:06.227977','ACTIVE','그래 안녕','2025-02-19 18:29:06.228010','mgh123rg@gmail.com'),(_binary '\\K\"w8*\Z7',1,'2025-02-18 10:10:50.977093','ACTIVE','dd gd','2025-02-18 10:10:50.977102','iksses545@gmail.com'),(_binary '\0в5HX<ٳ[;',2,'2025-02-21 11:30:38.465522','ACTIVE','안녕','2025-02-21 11:30:38.465531','eclatantsum@gmail.com'),(_binary 'I@<V.QL:',3,'2025-02-21 13:36:46.261345','ACTIVE','안녕','2025-02-21 13:36:46.261371','jongwooo.han@gmail.com'),(_binary 'p\\Ma\Zi\',1,'2025-02-21 12:19:56.135865','ACTIVE','안녕 발표운 봐줘','2025-02-21 12:19:56.135875','kwonseoy@gmail.com'),(_binary ' \@&ŉ`\M\',2,'2025-02-18 09:55:49.003984','ACTIVE','안녕','2025-02-18 09:55:49.003995','eclatantsum@gmail.com'),(_binary 'eb#E\nU\x',3,'2025-02-21 13:29:28.599372','ACTIVE','안녕 네 이름이 뭐야','2025-02-21 13:29:28.599382','devseungbeom@gmail.com'),(_binary 'v\?\Mb\\1\;',3,'2025-02-19 19:24:03.926155','CLOSED','안정과 회복의 메시지','2025-02-20 18:35:19.162834','mgh123rg@gmail.com'),(_binary '\\\`FɽDe>w7',1,'2025-02-19 19:21:32.089345','CLOSED','자 이제 되니','2025-02-19 20:07:52.004560','mgh123rg@gmail.com'),(_binary 'LIbB\>K',1,'2025-02-21 15:41:58.676878','ACTIVE','안녕하세요','2025-02-21 15:41:59.270084','ssafy.coach001@gmail.com'),(_binary 'S\\\BqV\',1,'2025-02-18 17:18:17.170911','ACTIVE','안녕하세요, 타로 상담을 시작하겠습니다.','2025-02-18 17:18:17.170924','mgh123rg@gmail.com'),(_binary 'G˝\0J	ժ@)`	',1,'2025-02-17 19:17:23.237966','ACTIVE','타로점 봐줘','2025-02-17 19:17:23.237977','eclatantsum@gmail.com'),(_binary '<\B%g\QX',1,'2025-02-17 17:57:17.094040','ACTIVE','ㅇㅇ','2025-02-17 17:57:17.094049','iksses545@gmail.com'),(_binary 'rmLU\\o[)',1,'2025-02-19 17:48:44.455290','ACTIVE','하위요','2025-02-19 17:48:44.455312','mgh123rg@gmail.com'),(_binary '.\\MibY\]1',2,'2025-02-21 11:31:29.787767','ACTIVE','오늘의 운세 타로를 봐줘','2025-02-21 11:31:32.639603','cakejuuu@gmail.com'),(_binary '\t\@:#\&O',1,'2025-02-21 15:43:00.191791','ACTIVE','나 타로 보고 싶어','2025-02-21 15:43:00.191800','ssafy.coach001@gmail.com'),(_binary '\^]Cb=8kA',1,'2025-02-21 11:33:34.070379','ACTIVE','안녕','2025-02-21 11:33:54.616752','eclatantsum@gmail.com'),(_binary '\a\\C\\4\p',2,'2025-02-18 11:09:04.700766','ACTIVE','안녕','2025-02-18 22:22:27.444369','cross3677@gmail.com'),(_binary '\X\J=\AIUg=z\',3,'2025-02-19 20:00:15.582444','ACTIVE','루미야 내 이름이 뭐니','2025-02-19 20:07:00.398578','mgh123rg@gmail.com'),(_binary '\~(\\IMow\',1,'2025-02-21 09:58:56.252871','ACTIVE','안녕하세요','2025-02-21 09:59:11.603531','iksses545@gmail.com'),(_binary '\제߮D/\ݔG',1,'2025-02-20 11:17:04.916376','ACTIVE','안녕 나 미래에 돈을 벌게 될지에 대한 타로 점을 보고싶어','2025-02-20 11:18:25.729378','iksses545@gmail.com'),(_binary '\%)ސM\?]',1,'2025-02-17 13:49:25.948678','ACTIVE','하위','2025-02-17 13:49:25.948689','mgh123rg@gmail.com'),(_binary '\(1\D{Hvb<',2,'2025-02-21 11:13:39.527052','CLOSED','안정 속에서의 유연함','2025-02-21 13:42:40.394748','mgh123rg@gmail.com'),(_binary '\1\F\nH\\RV&',3,'2025-02-20 18:21:08.513577','CLOSED','희망과 영감을 주는 카드','2025-02-20 18:23:52.410219','mgh123rg@gmail.com'),(_binary 'Ŭ\Z\H\Q{',1,'2025-02-21 11:01:05.883370','ACTIVE','안녕 진이야','2025-02-21 11:01:53.081132','mgh123rg@gmail.com'),(_binary '\J\c\D㲤H<\l\',3,'2025-02-20 16:41:43.724137','ACTIVE','잘 작동하니?','2025-02-20 16:41:44.145980','mgh123rg@gmail.com'),(_binary '\n\Me-1v\',1,'2025-02-19 19:56:02.860781','CLOSED','그래 안녕','2025-02-19 19:59:17.177996','mgh123rg@gmail.com'),(_binary '\\U\ZH튰\',1,'2025-02-19 19:10:46.056693','ACTIVE','ㅎㅇ','2025-02-19 19:10:46.056723','mgh123rg@gmail.com'),(_binary 'ɘ\I\sKK\ԣB\.',2,'2025-02-18 17:21:16.799723','ACTIVE','안녕하세요, 타로 상담을 시작하겠습니다.','2025-02-18 17:21:16.799732','mgh123rg@gmail.com'),(_binary 'ʐoJ&6@3;\9',1,'2025-02-21 13:24:30.018191','CLOSED','꾸준한 건강 관리의 필요성','2025-02-21 13:28:30.592894','mgh123rg@korea.ac.kr'),(_binary '\E\;\LER',1,'2025-02-21 11:31:00.805601','ACTIVE','안녕','2025-02-21 11:31:00.805610','eclatantsum@gmail.com'),(_binary 'Ϥ4aiIu\Z9n,@\',1,'2025-02-20 21:15:44.456183','CLOSED','어려움을 이겨낼 준비','2025-02-20 21:20:10.022318','tinyfeather1004@gmail.com'),(_binary 'ϳ\\\EGJf',2,'2025-02-17 09:03:04.035982','ACTIVE','안녕하세요, 타로 상담을 시작하겠습니다.','2025-02-17 09:03:04.035992','iksses545@gmail.com'),(_binary 'Щb= @\{V\l\',2,'2025-02-18 10:25:25.127967','ACTIVE','안녕하세요, 타로 상담을 시작하겠습니다.','2025-02-18 10:25:25.127976','eclatantsum@gmail.com'),(_binary '\gdۑCڕƟ\R*',1,'2025-02-19 19:18:46.786066','CLOSED','안되지 너','2025-02-19 22:28:02.489955','mgh123rg@gmail.com'),(_binary '\\2\B¨pއ\\\',1,'2025-02-20 11:14:30.560358','ACTIVE','ㅎㅇ','2025-02-20 11:15:23.459427','mgh123rg@gmail.com'),(_binary '\B\\D\GO\\\',3,'2025-02-18 17:17:28.405034','ACTIVE','안녕','2025-02-18 17:17:28.405067','mgh123rg@gmail.com'),(_binary '֔y8B\r|eW\',1,'2025-02-21 13:28:40.886466','ACTIVE','타로 볼래요','2025-02-21 13:28:40.886476','devseungbeom@gmail.com'),(_binary '\\#?^B$\h\\\',1,'2025-02-21 13:37:34.227443','ACTIVE','안녕!','2025-02-21 13:37:41.865242','jongwooo.han@gmail.com'),(_binary '\۴\\L*/\\8\',1,'2025-02-21 11:25:08.463038','CLOSED','학원 고민과 나눔의 카드','2025-02-21 11:27:27.873227','gunil099@gmail.com'),(_binary '\࣢k	M[eځI1',3,'2025-02-21 15:41:25.109646','ACTIVE','안녕','2025-02-21 15:41:25.109656','ssafy.coach001@gmail.com'),(_binary 'ڥ\-H!<g-\'',2,'2025-02-18 17:54:54.908110','ACTIVE','헤이','2025-02-18 17:54:55.425602','mgh123rg@gmail.com'),(_binary '\\:MKo~&A\\zs',2,'2025-02-21 15:43:05.606069','ACTIVE','안녕','2025-02-21 15:43:05.606081','ssafy.coach001@gmail.com'),(_binary '\ \rFA\[u',1,'2025-02-21 11:30:29.483457','ACTIVE','안녕','2025-02-21 11:30:29.483467','eclatantsum@gmail.com'),(_binary '\tU\@7MLf;',1,'2025-02-21 09:10:05.286499','ACTIVE','ㅎㅇ','2025-02-21 09:10:05.844758','cross3677@gmail.com'),(_binary '\Ql\}NgWt',3,'2025-02-20 09:22:38.265430','ACTIVE','오늘의 운세를 봐줘!!','2025-02-20 09:22:53.747644','eclatantsum@gmail.com'),(_binary '\^$RD3Bf\',2,'2025-02-20 11:14:46.091294','ACTIVE','나비안녕','2025-02-20 11:16:33.401695','iksses545@gmail.com'),(_binary '\\<\i\B\^\"b\',2,'2025-02-19 09:16:00.858284','CLOSED','안녕','2025-02-19 09:27:55.190505','eclatantsum@gmail.com'),(_binary '\\!jWHݜU-',3,'2025-02-21 15:42:14.351156','ACTIVE','안녕','2025-02-21 15:42:14.351165','ssafy.coach001@gmail.com'),(_binary '\\y|KA!\Z\P/`',2,'2025-02-21 11:30:37.217833','ACTIVE','오늘의 연애운 궁금해 타로 봐줘 !','2025-02-21 11:30:37.901988','cakejuuu@gmail.com'),(_binary '\\\HjLрFd}\',1,'2025-02-17 17:53:30.623310','ACTIVE','헤이','2025-02-17 17:53:30.623322','mgh123rg@gmail.com'),(_binary '\\jL8\0\8\r',1,'2025-02-21 02:50:42.689060','ACTIVE','안녕안녕','2025-02-21 02:50:46.532790','iksses545@gmail.com'),(_binary '\\)~#G`J!\an',2,'2025-02-18 21:23:56.808558','ACTIVE','ㅎㅇ','2025-02-18 21:23:56.808573','amorinael@gmail.com'),(_binary '\M[v7s@D=+^gf\',2,'2025-02-18 10:25:42.842900','ACTIVE','안녕하세요, 타로 상담을 시작하겠습니다.','2025-02-18 10:25:42.842909','eclatantsum@gmail.com'),(_binary '\OZUBqNmA\',1,'2025-02-20 11:00:48.501904','CLOSED','안녕 오늘 타로 점 봐줘','2025-02-20 11:02:53.190892','mgh123rg@gmail.com'),(_binary '\O\n\n\nKtKN',1,'2025-02-18 10:25:01.096920','ACTIVE','안녕하세요, 타로 상담을 시작하겠습니다.','2025-02-18 10:25:01.096930','eclatantsum@gmail.com'),(_binary '\\\\c@^pH$K',1,'2025-02-20 20:14:55.410447','ACTIVE','ㅁㄴㅇㄹ','2025-02-20 20:14:56.200772','iksses545@gmail.com'),(_binary '\\'\Q|BL\>\y\',3,'2025-02-20 16:43:33.183905','ACTIVE','루미 안녕','2025-02-20 16:44:00.156518','iksses545@gmail.com'),(_binary '\iƤD2!\\e',2,'2025-02-19 09:23:10.272937','ACTIVE','안녕 오늘 내 타로 운세 한번 봐줄래?','2025-02-19 09:23:11.109591','eclatantsum@gmail.com'),(_binary '\\Zx*G:Ό\"J*',2,'2025-02-21 11:36:15.584922','CLOSED','감정의 안정을 찾는 시기','2025-02-21 11:36:45.110765','eclatantsum@gmail.com'),(_binary '\\\\@	',2,'2025-02-21 13:48:10.769480','CLOSED','프로젝트의 불확실함과 도전','2025-02-21 13:53:28.310697','ytokogg@gmail.com'),(_binary '\$\eiH雌sÂ',1,'2025-02-19 21:17:24.110600','CLOSED','안녕','2025-02-19 21:19:05.315390','eclatantsum@gmail.com'),(_binary '\\Z\$L1ɋ\c',1,'2025-02-20 21:49:26.343020','ACTIVE','하이하이','2025-02-20 21:49:29.209168','iksses545@gmail.com'),(_binary '\^p\m\@X@\"',1,'2025-02-21 13:31:41.848919','ACTIVE','안녕','2025-02-21 13:31:41.848929','megahawk88@gmail.com'),(_binary '\\j\|H2^',3,'2025-02-21 15:40:41.577644','ACTIVE','나 연애운 보고 싶어','2025-02-21 15:40:41.577656','ssafy.coach001@gmail.com'),(_binary '\\FnAKh.\r',1,'2025-02-19 19:03:19.481092','ACTIVE','야호','2025-02-19 19:03:19.481120','mgh123rg@gmail.com'),(_binary '1OΐN\nTR\',2,'2025-02-21 11:30:56.834603','ACTIVE','오늘의 연애운 궁금해 타로를 봐줘 !','2025-02-21 11:30:56.834613','cakejuuu@gmail.com'),(_binary '\h\"O[`v',3,'2025-02-20 05:30:54.128991','ACTIVE','안녕','2025-02-20 05:35:04.365588','distere3670@gmail.com'),(_binary 'CcFKޞ\$\',1,'2025-02-17 13:20:19.054280','ACTIVE','ㅎㅇ','2025-02-17 13:20:19.054289','mgh123rg@gmail.com'),(_binary 'KcNZ5\',1,'2025-02-21 13:26:16.685474','ACTIVE','안녕!','2025-02-21 13:27:19.721252','devseungbeom@gmail.com'),(_binary 'c\DDK\Cz',1,'2025-02-18 18:44:59.040122','CLOSED','ㅎㅇ','2025-02-18 18:48:37.555112','mgh123rg@gmail.com'),(_binary '\\\Cďdc\V\o',1,'2025-02-21 15:41:40.141251','ACTIVE','안녕','2025-02-21 15:41:40.141260','ssafy.coach001@gmail.com'),(_binary 'ɲ-OV\H\0\Z[',1,'2025-02-20 15:28:15.151329','ACTIVE','하이하이하이','2025-02-20 15:28:15.534647','iksses545@gmail.com'),(_binary '\L\\\\88',1,'2025-02-20 05:09:01.610217','ACTIVE','안녕','2025-02-20 05:09:01.610228','cross3677@gmail.com');
/*!40000 ALTER TABLE `chat_session` ENABLE KEYS */;
UNLOCK TABLES;

--
-- Table structure for table `comment`
--

DROP TABLE IF EXISTS `comment`;
/*!40101 SET @saved_cs_client     = @@character_set_client */;
/*!50503 SET character_set_client = utf8mb4 */;
CREATE TABLE `comment` (
  `id` bigint NOT NULL AUTO_INCREMENT,
  `created_at` datetime(6) DEFAULT NULL,
  `updated_at` datetime(6) DEFAULT NULL,
  `content` varchar(1024) NOT NULL,
  `is_active` bit(1) NOT NULL,
  `user_id` bigint NOT NULL,
  `post_id` bigint NOT NULL,
  PRIMARY KEY (`id`),
  KEY `FK8kcum44fvpupyw6f5baccx25c` (`user_id`),
  KEY `FKs1slvnkuemjsq2kj4h3vhx7i1` (`post_id`),
  CONSTRAINT `FK8kcum44fvpupyw6f5baccx25c` FOREIGN KEY (`user_id`) REFERENCES `user` (`id`),
  CONSTRAINT `FKs1slvnkuemjsq2kj4h3vhx7i1` FOREIGN KEY (`post_id`) REFERENCES `post` (`id`)
) ENGINE=InnoDB DEFAULT CHARSET=utf8mb4 COLLATE=utf8mb4_0900_ai_ci;
/*!40101 SET character_set_client = @saved_cs_client */;

--
-- Dumping data for table `comment`
--

LOCK TABLES `comment` WRITE;
/*!40000 ALTER TABLE `comment` DISABLE KEYS */;
/*!40000 ALTER TABLE `comment` ENABLE KEYS */;
UNLOCK TABLES;

--
-- Table structure for table `comment_like`
--

DROP TABLE IF EXISTS `comment_like`;
/*!40101 SET @saved_cs_client     = @@character_set_client */;
/*!50503 SET character_set_client = utf8mb4 */;
CREATE TABLE `comment_like` (
  `id` bigint NOT NULL AUTO_INCREMENT,
  `created_at` datetime(6) DEFAULT NULL,
  `updated_at` datetime(6) DEFAULT NULL,
  `comment_id` bigint NOT NULL,
  `user_id` bigint NOT NULL,
  PRIMARY KEY (`id`),
  UNIQUE KEY `UKo8urnlomri10dub10y8ket23c` (`comment_id`,`user_id`),
  KEY `FK6arwb0j7by23pw04ljdtxq4p5` (`user_id`),
  CONSTRAINT `FK6arwb0j7by23pw04ljdtxq4p5` FOREIGN KEY (`user_id`) REFERENCES `user` (`id`),
  CONSTRAINT `FKqlv8phl1ibeh0efv4dbn3720p` FOREIGN KEY (`comment_id`) REFERENCES `comment` (`id`)
) ENGINE=InnoDB DEFAULT CHARSET=utf8mb4 COLLATE=utf8mb4_0900_ai_ci;
/*!40101 SET character_set_client = @saved_cs_client */;

--
-- Dumping data for table `comment_like`
--

LOCK TABLES `comment_like` WRITE;
/*!40000 ALTER TABLE `comment_like` DISABLE KEYS */;
/*!40000 ALTER TABLE `comment_like` ENABLE KEYS */;
UNLOCK TABLES;

--
-- Table structure for table `diary`
--

DROP TABLE IF EXISTS `diary`;
/*!40101 SET @saved_cs_client     = @@character_set_client */;
/*!50503 SET character_set_client = utf8mb4 */;
CREATE TABLE `diary` (
  `id` bigint NOT NULL AUTO_INCREMENT,
  `created_at` datetime(6) DEFAULT NULL,
  `updated_at` datetime(6) DEFAULT NULL,
  `card_image_url` varchar(255) DEFAULT NULL,
  `consult_date` date NOT NULL,
  `summary` text,
  `tag` varchar(255) DEFAULT NULL,
  `title` varchar(100) NOT NULL,
  `user_id` bigint NOT NULL,
  `tarot_bot_id` bigint NOT NULL,
  PRIMARY KEY (`id`),
  KEY `FKf0xms46ulxc36096k9gg6j9ip` (`user_id`),
  KEY `FK2nqk4rxywbnt5a6qvp1hd3a8g` (`tarot_bot_id`),
  CONSTRAINT `FK2nqk4rxywbnt5a6qvp1hd3a8g` FOREIGN KEY (`tarot_bot_id`) REFERENCES `tarot_bot` (`id`),
  CONSTRAINT `FKf0xms46ulxc36096k9gg6j9ip` FOREIGN KEY (`user_id`) REFERENCES `user` (`id`)
) ENGINE=InnoDB AUTO_INCREMENT=37 DEFAULT CHARSET=utf8mb4 COLLATE=utf8mb4_0900_ai_ci;
/*!40101 SET character_set_client = @saved_cs_client */;

--
-- Dumping data for table `diary`
--

LOCK TABLES `diary` WRITE;
/*!40000 ALTER TABLE `diary` DISABLE KEYS */;
INSERT INTO `diary` VALUES (1,'2025-02-20 15:15:06.590626','2025-02-20 15:15:06.590635','/basic/pents8.svg','2025-02-20','MysticUser222는 기분이 좋지 않다고 하며, 보장되지 않는 상황에 대한 걱정을 표현했습니다. 이후 타로 점을 통해 조언을 구하였고, 마지막으로 \'Eight of Pentacles\' 카드를 뽑았습니다. 이 카드는 노력과 기술 향상을 의미하며, 자신의 능력을 발전시키는 과정에서 안정감을 찾을 수 있다는 메시지를 담고 있습니다. 이를 통해 MysticUser222는 자신의 상황을 개선하기 위한 적극적인 노력이 필요함을 깨달을 수 있습니다.','타로, 운세, Eight of Pentacles, 고민','노력으로 안정 찾기',4,1),(2,'2025-02-20 15:15:07.052281','2025-02-20 15:15:07.052289','/basic/pents8.svg','2025-02-20','MysticUser222는 보장되지 않는 상황에 대한 불안감으로 화가 나고 힘들어하고 있습니다. 이 문제에 대해 해결책을 찾고 싶어하며, 타로 카드를 통해 조언을 받고 싶어 합니다. 가장 최근에 나온 타로카드는 \'Eight of Pentacles\'로, 이는 노력과 집중을 통해 기술을 연마하고 발전할 수 있음을 나타냅니다. MysticUser222는 자신의 상황을 개선하기 위해 노력해야 할 시점에 있습니다.','타로, Eight of Pentacles, 불안, 해결','노력으로 문제를 해결하자',5,1),(3,'2025-02-20 15:15:33.935303','2025-02-20 15:15:33.935314','/basic/maj17.svg','2025-02-20','MysticUser222는 기분이 좋지 않다고 이야기하며, 자신이 느끼는 문제에 대해 고민하고 있습니다. 마지막으로 뽑은 \'The Star\' 카드에서는 희망과 긍정적인 변화를 암시하고 있습니다. 이 카드는 어려운 시기를 지나 회복과 영감을 의미하며, 앞으로의 방향성에 대한 믿음을 강조합니다. MysticUser222는 이 카드의 결과를 통해 스스로의 희망을 찾고 긍정적인 행동을 취해야 할 것으로 보입니다.','타로, The Star, 희망, 긍정, 회복','희망의 메시지, The Star',4,1),(4,'2025-02-20 15:15:33.975470','2025-02-20 15:15:33.975481','/basic/maj17.svg','2025-02-20','MysticUser222는 기분이 좋지 않으며, 보장이 안 되는 상황에 대한 불안감을 느끼고 있습니다. 마지막으로 뽑은 타로 카드는 \'The Star\'로, 이는 희망과 영감을 상징합니다. 이 카드는 미래에 대한 긍정적인 전망과 마음의 평화를 찾는 것이 중요하다는 메시지를 전달하며, MysticUser222가 이 어려움을 극복할 수 있는 가능성을 제시합니다.','타로, The Star, 희망, 불안','희망의 메시지, The Star',5,1),(5,'2025-02-20 16:33:24.295128','2025-02-20 16:33:24.295137','/basic/maj0.svg','2025-02-20','리리리리리리리리리님은 타로 점을 보고 싶어하며, \'The Fool\' 카드를 뽑았습니다. 이 카드는 새로운 시작과 기회의 상징으로, 현재의 고민을 해결하기 위해 새로운 경험을 받아들이고 모험을 두려워하지 말라는 메시지를 전달합니다. 리리리리리리리리리는 이러한 타로 결과를 바탕으로 새로운 도전이나 기회를 받아들이는 방향으로 행동해야 할 것입니다.','타로, The Fool, 새로운 시작, 기회','새로운 시작의 기회',5,3),(6,'2025-02-20 18:22:33.150064','2025-02-20 18:22:33.150077','/basic/maj17.svg','2025-02-20','민경훈님은 타로 점을 요청하셨고, \'The Star\' 카드를 뽑았습니다. 이 카드는 희망과 영감을 상징하며, 긍정적인 변화가 다가오고 있음을 나타냅니다. 민경훈님은 앞으로 나아가며 긍정적인 에너지를 받아들이고, 자신의 꿈을 향해 나아가야 할 시점입니다.','타로, The Star, 희망, 변화','희망과 영감을 주는 카드',2,3),(7,'2025-02-20 18:26:17.693140','2025-02-20 18:26:17.693148','/basic/swords10.svg','2025-02-20','민경훈님은 건강운을 타로로 점치고 싶어 하셨고, 마지막으로 뽑은 카드는 \'Ten of Swords\'입니다. 이 카드는 끝과 재탄생을 의미합니다. 현재 힘든 상황이지만, 이는 새로운 시작을 위한 과정일 수 있습니다. 민경훈님은 이 시기를 극복하고 새로운 변화를 준비해야 할 것입니다.','타로, 건강운, Ten of Swords','새로운 시작을 위한 시기',2,3),(8,'2025-02-20 18:35:00.432128','2025-02-20 18:35:00.432137','/basic/pents12.svg','2025-02-20','민경훈님이 건강운에 대해 타로 점을 본 결과 \'Ten of Swords\' 카드가 나왔습니다. 이 카드는 힘든 상황이나 고통스러운 마무리를 상징하지만, 새로운 시작을 알리는 신호이기도 합니다. 현재의 어려움을 인정하고, 주변의 도움을 받으며 마음의 평화를 찾는 것이 중요하다는 메시지를 전달합니다. 이어서 민경훈님은 \'Queen of Pentacles\' 카드를 뽑았습니다.','타로, 건강운, Ten of Swords, Queen of Pentacles','건강운과 새로운 시작',2,3),(9,'2025-02-20 18:35:02.778261','2025-02-20 18:35:02.778277','/basic/pents12.svg','2025-02-20','민경훈님은 건강운에 대해 타로 점을 요청하셨고, \'Ten of Swords\' 카드를 뽑았습니다. 이 카드는 어려운 상황과 고통스러운 마무리를 의미하지만, 새로운 시작의 기회를 상징하기도 합니다. 민경훈님은 현재 힘든 시기를 겪고 있을 가능성이 있으며, 자신의 감정을 인정하고 주변의 도움을 받는 것이 중요하다는 조언을 받았습니다. 마지막으로 \'Queen of Pentacles\' 카드를 뽑아, 안정적인 환경과 자아 성취에 대한 메시지를 전달받았습니다.','타로, 건강운, Ten of Swords, Queen of Pentacles','안정과 회복의 메시지',4,3),(10,'2025-02-20 18:51:25.125340','2025-02-20 18:51:25.125351','/basic/cups14.svg','2025-02-20','타로 점을 통해 민경훈은 내일의 건강 운을 알아보길 원했습니다. 마지막으로 뽑은 카드는 \'Temperance\'로, 이는 균형과 조화를 의미합니다. 건강에 대한 고민이 있을 수 있으며, 타로의 결과를 통해 건강한 생활 습관을 유지하고, 신체적, 정서적 균형을 찾는 것이 중요하다는 메시지를 전달합니다.','타로, 건강, Temperance','건강의 균형을 찾다',2,1),(11,'2025-02-20 18:52:50.408845','2025-02-20 18:52:50.408858','/basic/wands13.svg','2025-02-20','민경훈은 건강 운에 대한 타로 점을 보았고, \'Temperance\' 카드를 뽑았다. 이 카드는 균형과 조화를 상징하며, 신체적, 정신적 건강을 조화롭게 관리하라는 메시지를 전달했다. 또한 그는 다시 타로 점을 요청하며 \'Queen of Wands\' 카드를 뽑았다. 이는 자신의 열정을 가지고 주도적으로 행동하라는 의미가 있다.','타로, 건강운, Temperance, Queen of Wands','주도적인 열정의 필요성',2,1),(12,'2025-02-20 21:18:09.664928','2025-02-20 21:18:09.664939','/basic/wands2.svg','2025-02-20','타로 점을 통해 내일의 운명에 대해 알아보려는 MysticUser222는 \'Two of Wands\' 카드를 뽑았습니다. 이는 새로운 기회와 선택의 순간을 의미하며, MysticUser222는 앞으로 나아갈 방향을 고민해야 할 시점에 있습니다.','타로, 운명, Two of Wands','내일의 선택과 기회',4,2),(13,'2025-02-20 21:20:10.028710','2025-02-20 21:20:10.028721','/basic/wands9.svg','2025-02-20','김예현은 타로 점을 통해 내일의 운세를 알고 싶어 합니다. 마지막으로 뽑은 카드인 \'Nine of Wands\'는 어려운 상황에서도 끈질기게 싸워 이길 준비가 되어 있음을 나타냅니다. 이를 통해 김예현은 자신이 겪고 있는 고민에 대해 결단을 내리고, 힘든 상황에서도 포기하지 말고 앞으로 나아가야 함을 알게 되었습니다.','타로, 운세, Nine of Wands','어려움을 이겨낼 준비',13,1),(14,'2025-02-21 11:03:41.819452','2025-02-21 11:03:41.819460','/basic/cups14.svg','2025-02-21','민경훈님이 건강운에 대한 고민으로 타로 점을 보았습니다. 마지막에 뽑은 카드인 \'Temperance\'는 조화와 균형을 의미합니다. 이는 건강을 유지하기 위해 균형 잡힌 생활이 필요하며, 스트레스를 줄이고 편안한 마음을 가지라는 메시지를 담고 있습니다. 행동으로는 규칙적인 생활과 적절한 휴식이 중요합니다.','타로, 건강운, Temperance','건강을 위한 균형의 중요성',2,2),(15,'2025-02-21 11:11:41.003113','2025-02-21 11:11:41.003131','/basic/cups11.svg','2025-02-21','민경훈님은 타로 점을 통해 \'Page of Cups\' 카드를 뽑았습니다. 이 카드는 창의성, 새로운 감정의 시작, 그리고 내면의 성장과 관련이 있습니다. 민경훈님은 새로운 감정이나 창의적인 기회를 원하고 있으며, 이는 새로운 관계나 프로젝트를 시작하는 데 도움이 될 것입니다. 이 카드는 감정적으로 개방적이고 수용적인 태도를 가지라는 메시지를 전달합니다.','타로, Page of Cups, 감정, 창의성','새로운 감정의 시작',2,2),(16,'2025-02-21 11:14:34.927326','2025-02-21 11:14:34.927335','/basic/pents7.svg','2025-02-21','민경훈님은 올해의 취업운을 알고 싶어 타로 카드를 뽑았고, \'정의\' 카드가 나왔다. 이는 그의 노력과 준비가 올바른 방향으로 진행되고 있음을 나타내며, 진실성과 공정함이 중요하다는 메시지를 담고 있다. 마지막으로, \'Seven of Pentacles\' 카드에 대한 질문이 있었지만 추가적인 해석은 없었다. 민경훈님은 자신의 강점을 드러내며 유연한 마음가짐을 유지하는 것이 필요하다.','타로, 취업운, 정의, Seven of Pentacles','올해의 취업운과 노력',2,2),(17,'2025-02-21 11:27:27.880310','2025-02-21 11:27:27.880320','/basic/pents6.svg','2025-02-21','Riis님은 학원에 갈지 말지 고민하고 있으며, 타로 카드로 그 고민을 해소하고자 Six of Pentacles 카드를 뽑았습니다. 이 카드는 균형과 나눔을 상징하며, 도움과 지원의 중요성을 강조합니다. Riis님은 이번 기회를 통해 필요한 도움을 얻고, 자신도 다른 이에게 도움을 줄 수 있는 상황을 고려해야 할 것입니다.','타로, 고민, Six of Pentacles','학원 고민과 나눔의 카드',12,1),(18,'2025-02-21 11:28:22.131511','2025-02-21 11:28:22.131520','/basic/pents11.svg','2025-02-21','이번 주 건강에 대한 타로 점을 본 결과, \'Knight of Pentacles\' 카드가 나왔습니다. 이는 안정적이고 신중한 접근이 필요함을 의미합니다. 건강을 잘 관리하고, 꾸준한 노력을 기울인다면 좋은 결과를 얻을 수 있을 것입니다.','타로, 건강, Knight of Pentacles','건강을 위한 신중한 접근',2,2),(19,'2025-02-21 11:28:22.416592','2025-02-21 11:28:22.416605','/basic/pents11.svg','2025-02-21','테스트님은 이번 주 자신의 건강을 타로로 점쳐보고 싶어했습니다. 카드로는 \'Knight of Pentacles\'가 나왔습니다. 이는 성실함과 꾸준함을 상징하며, 건강에 대한 꾸준한 관리와 노력이 필요하다는 메시지를 전달하고 있습니다. 따라서 규칙적이고 건강한 생활 습관을 유지하는 것이 중요할 것입니다.','타로, 건강, Knight of Pentacles','건강을 위한 꾸준한 노력',14,2),(20,'2025-02-21 11:30:48.675825','2025-02-21 11:30:48.675855','/basic/pents8.svg','2025-02-21','Riis님은 미래 발표에 대한 걱정이 있어 타로 점을 보았습니다. 뽑은 카드는 \'Eight of Pentacles\'로, 이는 꾸준한 노력과 성장을 나타냅니다. 이 카드의 의미는 발표 준비에 많은 시간을 투자하고 열심히 연습하면 좋은 결과를 얻을 수 있다는 것입니다. 따라서 발표를 위해 노력하고 준비하는 것이 중요합니다.','타로, 발표, Eight of Pentacles','발표 준비의 중요성',12,1),(21,'2025-02-21 11:32:15.431319','2025-02-21 11:32:15.431328','/basic/cups2.svg','2025-02-21','오늘의 타로 점에서는 \'Two of Cups\' 카드가 나왔습니다. 이는 관계의 조화와 파트너십을 나타내며, 사랑이나 우정에서 깊은 유대감을 의미합니다. yewon은 이러한 관계의 발전이나 회복을 고민하고 있는 듯합니다. 이 카드가 제시하는 바는 소통과 이해를 통해 긍정적인 변화를 이끌어내라는 것입니다.','타로, 운세, Two of Cups','사랑과 조화의 관계',10,2),(22,'2025-02-21 11:36:45.116334','2025-02-21 11:36:45.116343','/basic/cups12.svg','2025-02-21','타로 점을 보고 싶어하는 kmin은 \'Queen of Cups\' 카드를 뽑았습니다. 이 카드는 감정적 안정과 직관을 상징하며, 현재의 고민을 해결하기 위해 감정에 귀 기울이고, 타인의 감정을 이해하려는 노력이 필요하다는 메시지를 전달합니다.','타로, 감정, Queen of Cups','감정의 안정을 찾는 시기',6,2),(23,'2025-02-21 12:21:43.259178','2025-02-21 12:21:43.259187','/basic/wands12.svg','2025-02-21','민경훈은 오늘 버그가 생길지 궁금해하며 타로 카드를 뽑아보았습니다. 마지막에 뽑은 카드는 Queen of Wands로, 이는 자신감과 매력을 발산하며 상황을 주도할 수 있는 힘을 상징합니다. 민경훈은 이러한 에너지를 바탕으로 상황을 긍정적으로 이끌어가야 할 것입니다.','타로, 버그, Queen of Wands','자신감을 가지고 나아가라',2,2),(24,'2025-02-21 12:22:16.831820','2025-02-21 12:22:16.831828','/basic/pents2.svg','2025-02-21','Riis님은 키보드를 해외 직구로 구매하고자 하며, 사기를 당할지에 대한 우려가 있습니다. 타로 카드 \'Two of Pentacles\'가 나왔습니다. 이는 균형을 유지하고 다양한 선택을 고려해야 한다는 메시지를 담고 있습니다. 사기를 피하기 위해 신중하게 결정을 내리고, 여러 옵션을 비교하는 것이 중요합니다.','타로, 해외 직구, 사기, Two of Pentacles','해외 직구, 신중함이 필요',12,1),(25,'2025-02-21 12:23:06.343327','2025-02-21 12:23:06.343336','/basic/swords1.svg','2025-02-21','yewon님은 연애운에 대한 궁금증으로 타로 점을 요청하셨고, \'Ace of Swords\' 카드를 뽑았습니다. 이 카드는 명확한 사고와 진실을 나타내며, 연애에서의 소통과 진실한 대화의 중요성을 강조합니다. 따라서 yewon님은 솔직한 대화를 통해 연애에서 긍정적인 변화를 이끌어낼 필요가 있습니다.','타로, 연애운, Ace of Swords','연애에서의 진실한 소통',10,1),(26,'2025-02-21 12:25:50.245737','2025-02-21 12:25:50.245745','/basic/swords5.svg','2025-02-21','Seoyoung Kwon님은 최근 타로를 봐달라고 요청하셨고, Five of Swords 카드를 뽑았습니다. 이 카드는 갈등과 경쟁을 나타내며, 현재의 고민은 대인 관계에서의 마찰이나 갈등일 가능성이 높습니다. 이러한 상황에서 어떻게 대처할지를 고민해야 합니다.','타로, 갈등, Five of Swords','갈등 속에서의 대처법',11,2),(27,'2025-02-21 13:25:38.238088','2025-02-21 13:25:38.238096','/basic/pents8.svg','2025-02-21','보라는 자신의 건강에 대해 궁금해서 타로 점을 보았습니다. 뽑은 카드는 \'Eight of Pentacles\'로, 이는 꾸준한 노력과 헌신을 상징합니다. 이 카드의 의미는 건강을 위해 지속적인 관리와 노력이 필요하다는 것을 나타냅니다. 따라서 보라는 자신의 건강을 위해 일상적인 생활습관을 점검하고, 꾸준함을 유지해야 함을 알 수 있습니다.','운세, 건강, Eight of Pentacles','꾸준한 건강 관리의 필요성',14,1),(28,'2025-02-21 13:32:48.981229','2025-02-21 13:32:48.981237','/basic/maj14.svg','2025-02-21','타로 점에서 \'Temperance\' 카드를 뽑았어. 이는 균형과 조화를 상징해. 송경민과 배즙 사이에서 어떤 선택을 하든지, 자신의 감정과 상황을 잘 조화롭게 다루는 것이 중요해. 감정의 균형을 유지하면서 선택을 하라는 메시지야. 고민을 잘 해결할 수 있도록 마음의 평화를 찾도록 해봐.','타로, 선택, Temperance','균형의 선택, Temperance',19,2),(29,'2025-02-21 13:35:15.170596','2025-02-21 13:35:15.170606','/basic/wands6.svg','2025-02-21','민경훈님은 재물운에 대한 고민을 가지고 타로 점을 봤습니다. 마지막에 뽑은 카드는 \'Six of Wands\'로, 이는 성공과 승리를 나타냅니다. 민경훈님은 재물운이 좋아질 가능성이 있으며, 이를 통해 자신감을 가지고 행동에 옮기라는 메시지를 받았습니다.','타로, 재물운, Six of Wands','재물운의 승리',2,2),(30,'2025-02-21 13:39:11.600685','2025-02-21 13:39:11.600694','/basic/wands3.svg','2025-02-21','타로 점을 통해 향후의 기회와 가능성에 대한 조언을 받고 싶어 하는 손승범님이 \'Three of Wands\' 카드를 뽑았습니다. 이 카드는 새로운 기회가 다가오고 있으며, 자신의 계획과 비전을 실현할 수 있는 시기를 나타냅니다. 따라서 손승범님은 자신의 목표를 향해 적극적으로 나아가야 할 때입니다.','타로, Three of Wands, 기회, 비전','새로운 기회를 향한 발걸음',18,2),(31,'2025-02-21 13:42:40.402164','2025-02-21 13:42:40.402172','/basic/pents4.svg','2025-02-21','민경훈은 올해 취업운에 대한 타로 점을 여러 번 보았고, 마지막으로 \'Four of Pentacles\' 카드를 뽑았다. 이 카드는 소유와 안정성을 상징해. 현재의 안정감을 지키려는 욕구가 크고, 자신의 자산이나 기회를 과도하게 움켜잡는 경향이 있을 수 있음을 나타낸다. 따라서 미래를 위해 유연한 태도를 유지하며, 변화에 대비하는 것이 중요하다.','타로, 취업운, Four of Pentacles','안정 속에서의 유연함',2,2),(32,'2025-02-21 13:50:52.214452','2025-02-21 13:50:52.214462','/basic/maj20.svg','2025-02-21','박유진님은 타로를 통해 취업운을 궁금해하며 \'Judgement\' 카드를 뽑았습니다. 이 카드의 의미는 자신을 되돌아보고 중요한 결정을 내릴 시기를 나타냅니다. 따라서 박유진님은 자신의 경험과 능력을 잘 평가하여 취업을 위한 중요한 선택을 해야 할 시점에 있습니다.','타로, 취업운, Judgement','취업을 위한 결정의 시기',23,2),(33,'2025-02-21 13:53:28.316088','2025-02-21 13:53:28.316095','/basic/pents5.svg','2025-02-21','박유진님은 취업운을 보기 위해 \'Judgement\' 카드를 뽑았습니다. 이 카드는 결단과 새로운 시작을 의미하며, 긍정적인 신호를 보내고 있습니다. 이어서 프로젝트에 대한 운을 보기 위해 \'Five of Pentacles\' 카드를 뽑았고, 이 카드는 어려움과 재정적인 어려움을 상징합니다. 현재의 도전이 힘들 수 있지만, 포기하지 않고 노력하는 것이 중요하다는 메시지를 담고 있습니다.','타로, 취업운, 프로젝트, Judgement, Five of Pentacles','프로젝트의 불확실함과 도전',23,2),(34,'2025-02-21 15:48:46.984779','2025-02-21 15:48:46.984788','/basic/maj8.svg','2025-02-21','타로를 보고 싶다는 요청이 있었고, 사용자가 뽑은 카드는 \'Strength\'입니다. 이 카드는 용기와 내면의 힘을 상징합니다. 사용자는 자신의 고민을 해결하기 위해 용기와 인내로 상황에 대처해야 함을 암시합니다.','타로, Strength, 용기, 내면의 힘','내면의 힘을 찾는 시간',24,1),(35,'2025-02-21 16:00:17.441474','2025-02-21 16:00:17.441480','/basic/cups3.svg','2025-02-21','일이 지겨운 si si는 타로 카드를 통해 현재 상황을 점검하고 싶어 했다. 마지막에 뽑은 카드는 \'Three of Cups\'로, 이는 친구들과의 만남과 축하를 상징한다. si si는 과장이 다른 부서로 발령날 가능성을 궁금해했지만, 카드가 암시하는 것은 긍정적인 관계와 협력으로, 불확실한 상황 속에서도 새로운 기회가 올 수 있음을 시사한다. 현재는 감정적인 안정과 신뢰를 바탕으로 관계를 돌아보는 것이 필요하다.','타로, 일, Three of Cups','과장의 발령 가능성',25,2),(36,'2025-02-21 16:05:27.306145','2025-02-21 16:05:27.306151','/basic/maj0.svg','2025-02-21','타로 상담을 통해 일에 대한 지루함과 회사에서의 변화에 대한 고민을 이야기한 si si. 마지막으로 \'The Fool\' 카드를 뽑으며 이사를 갈 시기를 물었고, 이 카드는 새로운 시작과 기회를 상징해. 이는 이사가 새로운 단계로 나아가는 기회가 될 수 있음을 나타내. 따라서, 이사는 긍정적인 변화가 될 수 있으며, 적절한 시기를 찾아보는 것이 좋겠다.','타로, 이사, The Fool','새로운 시작을 향한 이사',25,2);
/*!40000 ALTER TABLE `diary` ENABLE KEYS */;
UNLOCK TABLES;

--
-- Table structure for table `post`
--

DROP TABLE IF EXISTS `post`;
/*!40101 SET @saved_cs_client     = @@character_set_client */;
/*!50503 SET character_set_client = utf8mb4 */;
CREATE TABLE `post` (
  `id` bigint NOT NULL AUTO_INCREMENT,
  `created_at` datetime(6) DEFAULT NULL,
  `updated_at` datetime(6) DEFAULT NULL,
  `comment_count` int NOT NULL,
  `content` varchar(255) NOT NULL,
  `image_url` varchar(255) DEFAULT NULL,
  `is_active` bit(1) NOT NULL,
  `like_count` int NOT NULL,
  `title` varchar(255) NOT NULL,
  `version` int DEFAULT NULL,
  `view_count` int NOT NULL,
  `user_id` bigint NOT NULL,
  PRIMARY KEY (`id`),
  KEY `FK72mt33dhhs48hf9gcqrq4fxte` (`user_id`),
  CONSTRAINT `FK72mt33dhhs48hf9gcqrq4fxte` FOREIGN KEY (`user_id`) REFERENCES `user` (`id`)
) ENGINE=InnoDB DEFAULT CHARSET=utf8mb4 COLLATE=utf8mb4_0900_ai_ci;
/*!40101 SET character_set_client = @saved_cs_client */;

--
-- Dumping data for table `post`
--

LOCK TABLES `post` WRITE;
/*!40000 ALTER TABLE `post` DISABLE KEYS */;
/*!40000 ALTER TABLE `post` ENABLE KEYS */;
UNLOCK TABLES;

--
-- Table structure for table `post_like`
--

DROP TABLE IF EXISTS `post_like`;
/*!40101 SET @saved_cs_client     = @@character_set_client */;
/*!50503 SET character_set_client = utf8mb4 */;
CREATE TABLE `post_like` (
  `id` bigint NOT NULL AUTO_INCREMENT,
  `created_at` datetime(6) DEFAULT NULL,
  `updated_at` datetime(6) DEFAULT NULL,
  `post_id` bigint NOT NULL,
  `user_id` bigint NOT NULL,
  PRIMARY KEY (`id`),
  UNIQUE KEY `UKpmmko3h7yonaqhy5gxvnmdeue` (`post_id`,`user_id`),
  KEY `FKhuh7nn7libqf645su27ytx21m` (`user_id`),
  CONSTRAINT `FKhuh7nn7libqf645su27ytx21m` FOREIGN KEY (`user_id`) REFERENCES `user` (`id`),
  CONSTRAINT `FKj7iy0k7n3d0vkh8o7ibjna884` FOREIGN KEY (`post_id`) REFERENCES `post` (`id`)
) ENGINE=InnoDB DEFAULT CHARSET=utf8mb4 COLLATE=utf8mb4_0900_ai_ci;
/*!40101 SET character_set_client = @saved_cs_client */;

--
-- Dumping data for table `post_like`
--

LOCK TABLES `post_like` WRITE;
/*!40000 ALTER TABLE `post_like` DISABLE KEYS */;
/*!40000 ALTER TABLE `post_like` ENABLE KEYS */;
UNLOCK TABLES;

--
-- Table structure for table `refresh_token`
--

DROP TABLE IF EXISTS `refresh_token`;
/*!40101 SET @saved_cs_client     = @@character_set_client */;
/*!50503 SET character_set_client = utf8mb4 */;
CREATE TABLE `refresh_token` (
  `id` bigint NOT NULL AUTO_INCREMENT,
  `refresh_token` varchar(255) NOT NULL,
  `user_id` bigint NOT NULL,
  PRIMARY KEY (`id`),
  UNIQUE KEY `UK_f95ixxe7pa48ryn1awmh2evt7` (`user_id`)
) ENGINE=InnoDB AUTO_INCREMENT=27 DEFAULT CHARSET=utf8mb4 COLLATE=utf8mb4_0900_ai_ci;
/*!40101 SET character_set_client = @saved_cs_client */;

--
-- Dumping data for table `refresh_token`
--

LOCK TABLES `refresh_token` WRITE;
/*!40000 ALTER TABLE `refresh_token` DISABLE KEYS */;
INSERT INTO `refresh_token` VALUES (1,'eyJ0eXAiOiJKV1QiLCJhbGciOiJIUzUxMiJ9.eyJzdWIiOiJmb3Iuc3R1ZHkub25seS55b3VAZ21haWwuY29tIiwiaXNzIjoic3NhZnkuY29tIiwiZXhwIjoxNzQwOTI3NjU3LCJpYXQiOjE3Mzk3MTgwNTd9.Zt-aU7uG-KSxVtKhRFhqTMqjAWEF2pYyl5ELQKo_P91vAYJLJa6EfHZ0hBASIbsE1u4xFoQTO8xYIeZghIN4zw',1),(2,'eyJ0eXAiOiJKV1QiLCJhbGciOiJIUzUxMiJ9.eyJzdWIiOiJtZ2gxMjNyZ0BnbWFpbC5jb20iLCJpc3MiOiJzc2FmeS5jb20iLCJleHAiOjE3NDEzMjI4MTgsImlhdCI6MTc0MDExMzIxOH0.GG0GT-GHeaxTU7mP_FkcyxfUZps0LplbLnapyHlNEWt6m9GkMw0-Nn-WXd8gaNG1nEtWXEix260TxfLQShFWnw',2),(3,'eyJ0eXAiOiJKV1QiLCJhbGciOiJIUzUxMiJ9.eyJzdWIiOiJsaXV5ZW9uOTVAZ21haWwuY29tIiwiaXNzIjoic3NhZnkuY29tIiwiZXhwIjoxNzQwOTI3NjU0LCJpYXQiOjE3Mzk3MTgwNTR9._bk88LBiOHQlMb5VhmdZ_2RbINrr7ykTC6pXNM2JmXA6-jZqqnGCGk7f1oRWUO-RoTiPrWk2bZBDcWR9KkdLKg',3),(4,'eyJ0eXAiOiJKV1QiLCJhbGciOiJIUzUxMiJ9.eyJzdWIiOiJjcm9zczM2NzdAZ21haWwuY29tIiwiaXNzIjoic3NhZnkuY29tIiwiZXhwIjoxNzQxMzE0OTQ5LCJpYXQiOjE3NDAxMDUzNDl9.hpPyerJA-OXzbEmjwnLfmSY1qWGMTPGjIv4AUIjPe_m20ub8H03a-GVhmsMwzOTY7iiVNo6K_73ImUgdznSvkA',4),(5,'eyJ0eXAiOiJKV1QiLCJhbGciOiJIUzUxMiJ9.eyJzdWIiOiJpa3NzZXM1NDVAZ21haWwuY29tIiwiaXNzIjoic3NhZnkuY29tIiwiZXhwIjoxNzQxMzE0MjQ3LCJpYXQiOjE3NDAxMDQ2NDd9.3K9zK8tVKpmNE-_lk0aHIPsSv-afjGq5ojBzu7_LIWesO0grmCCrNj-RVqMZKDRxL5BID2UQnSncqgvQ9eKdxw',5),(6,'eyJ0eXAiOiJKV1QiLCJhbGciOiJIUzUxMiJ9.eyJzdWIiOiJlY2xhdGFudHN1bUBnbWFpbC5jb20iLCJpc3MiOiJzc2FmeS5jb20iLCJleHAiOjE3NDEzMTcwODMsImlhdCI6MTc0MDEwNzQ4M30.FjbqTlzgllqYLkN0fMjCSMC2s-6p4xufo99cqdvxC6lJTvoQ93sdUELKlNZiiBOLWZriuILUTJRk8LQbVVbHFg',6),(7,'eyJ0eXAiOiJKV1QiLCJhbGciOiJIUzUxMiJ9.eyJzdWIiOiJhbW9yaW5hZWxAZ21haWwuY29tIiwiaXNzIjoic3NhZnkuY29tIiwiZXhwIjoxNzQxMzE3NTAyLCJpYXQiOjE3NDAxMDc5MDJ9.hLEH4KMb8vQlWktLlU4QHQyFPiihbLvWpJuV9Ex2YolDeqqOMWBabkZrjMGX-O6lPJwwGfsBXe-wQRuzncMCIw',7),(8,'eyJ0eXAiOiJKV1QiLCJhbGciOiJIUzUxMiJ9.eyJzdWIiOiJkaXN0ZXJlMzY3MEBnbWFpbC5jb20iLCJpc3MiOiJzc2FmeS5jb20iLCJleHAiOjE3NDEyMTI3MjgsImlhdCI6MTc0MDAwMzEyOH0.fVmTRR4-LnIhxo4Y7l2p3OZU1kDZ0MXUWLaiCvTRNoAUKhgJDywoz0EVRl1aHMVJ20q8_t2yYOuUOguPPWnB0A',8),(9,'eyJ0eXAiOiJKV1QiLCJhbGciOiJIUzUxMiJ9.eyJzdWIiOiJkaXN0ZXJlNEBnbWFpbC5jb20iLCJpc3MiOiJzc2FmeS5jb20iLCJleHAiOjE3NDEyMDc3MDMsImlhdCI6MTczOTk5ODEwM30.ly2tXRBkFA73zCCH_L_G5jpu1EmnOQ4ZbzcwbPhPjOSToqkYjZNXudfz_NpX1YhDyxA_7nq4SUiE9uXHuZlLgQ',9),(10,'eyJ0eXAiOiJKV1QiLCJhbGciOiJIUzUxMiJ9.eyJzdWIiOiJjYWtlanV1dUBnbWFpbC5jb20iLCJpc3MiOiJzc2FmeS5jb20iLCJleHAiOjE3NDEzMjIyODgsImlhdCI6MTc0MDExMjY4OH0.u0iDlq6fk7ga78K_8x_ihqjmtnXltCt96h7kRQvDZUymLUrMDhCHS7efr_2FPWoAxhBwdP4pnEBWLo3GtUpzlw',10),(11,'eyJ0eXAiOiJKV1QiLCJhbGciOiJIUzUxMiJ9.eyJzdWIiOiJrd29uc2VveUBnbWFpbC5jb20iLCJpc3MiOiJzc2FmeS5jb20iLCJleHAiOjE3NDEzMTc4OTksImlhdCI6MTc0MDEwODI5OX0.1rWdWm55bcNMjP2AWq8SsO0_sA3Vxa2eHySeCEweiQmMvjVorfbNW-3baDk7ZbiAIojolV8gT0FecoqGM2UGFg',11),(12,'eyJ0eXAiOiJKV1QiLCJhbGciOiJIUzUxMiJ9.eyJzdWIiOiJndW5pbDA5OUBnbWFpbC5jb20iLCJpc3MiOiJzc2FmeS5jb20iLCJleHAiOjE3NDEzMTc2MjUsImlhdCI6MTc0MDEwODAyNX0.c3oThGxGVe-UWk8k_0GamWLldDjiOfKWz23C1zoot2R0S9K-9MQ46FK28c6QAzVSTshth1YoE9D94lQuCmvJLQ',12),(13,'eyJ0eXAiOiJKV1QiLCJhbGciOiJIUzUxMiJ9.eyJzdWIiOiJ0aW55ZmVhdGhlcjEwMDRAZ21haWwuY29tIiwiaXNzIjoic3NhZnkuY29tIiwiZXhwIjoxNzQxMjYzMzIzLCJpYXQiOjE3NDAwNTM3MjN9.uFjEkf0M-Jgj7kDxJLe-AzpQ7T_NK5zWQmvfyHzS5P5Y9rGu0go-iAA4zU5BwsqlRLUrUbpbAmCXyZHb5f-R3g',13),(14,'eyJ0eXAiOiJKV1QiLCJhbGciOiJIUzUxMiJ9.eyJzdWIiOiJtZ2gxMjNyZ0Brb3JlYS5hYy5rciIsImlzcyI6InNzYWZ5LmNvbSIsImV4cCI6MTc0MTMyMTQyMSwiaWF0IjoxNzQwMTExODIxfQ.93PTt19FW5rGGwmvg-9IIdXz3h1KQA4SjKbrdnmuGUKWmgum9DCXGmRdAgjyBRh-GHgyw4senFHSraWi2vQlzA',14),(15,'eyJ0eXAiOiJKV1QiLCJhbGciOiJIUzUxMiJ9.eyJzdWIiOiJjYWtlZ29uZ2p1QGdtYWlsLmNvbSIsImlzcyI6InNzYWZ5LmNvbSIsImV4cCI6MTc0MTMxNzM3OCwiaWF0IjoxNzQwMTA3Nzc4fQ.cfXgvdaoAbpmVBOI1mmVv-2Si5lgGMTTDBbQt_CRrxzagHov59LIkWq5rnWY3FSuTLH39cqabiyDRQ357H_Z4Q',15),(16,'eyJ0eXAiOiJKV1QiLCJhbGciOiJIUzUxMiJ9.eyJzdWIiOiJjYWtlZ29uZ2p1QG5hdmVyLmNvbSIsImlzcyI6InNzYWZ5LmNvbSIsImV4cCI6MTc0MTMxNzQ2MSwiaWF0IjoxNzQwMTA3ODYxfQ.pue3sX0ok1RyIoDF1G5EftJ1Zo3SGBwn3stYBD6OP5h2HKxvmKfHOWkwUwLvRdt2WBqJ5bVbox3gygNkkDKgzQ',16),(17,'eyJ0eXAiOiJKV1QiLCJhbGciOiJIUzUxMiJ9.eyJzdWIiOiJtZWdhaGF3azg4QGdtYWlsLmNvbSIsImlzcyI6InNzYWZ5LmNvbSIsImV4cCI6MTc0MTMyMTQyNCwiaWF0IjoxNzQwMTExODI0fQ.08mWzxctvcbxwnZiYuLd4evgD7Syh0jieNCFPkmOfTDvtGmqciQwojNM5vqKa38ZgDg737PoxMOc0H796rEStg',17),(18,'eyJ0eXAiOiJKV1QiLCJhbGciOiJIUzUxMiJ9.eyJzdWIiOiJkZXZzZXVuZ2Jlb21AZ21haWwuY29tIiwiaXNzIjoic3NhZnkuY29tIiwiZXhwIjoxNzQxMzIxNTY4LCJpYXQiOjE3NDAxMTE5Njh9.78KVPXxMMAY0iq1aMCkSU3VK3mlP29CaamaYQ1BfME9vlZXHXTPHeLK-BF1_G6RrjNZyd541UfXrl-MojULEPg',18),(19,'eyJ0eXAiOiJKV1QiLCJhbGciOiJIUzUxMiJ9.eyJzdWIiOiJhaG5qdTk4QGdtYWlsLmNvbSIsImlzcyI6InNzYWZ5LmNvbSIsImV4cCI6MTc0MTMyMTgxMCwiaWF0IjoxNzQwMTEyMjEwfQ.dgiIB1xA6WeF6NK9LtjQzZ37D2KzEO_mbeZ_hRyDPLWUnK_z_EbKFYtjolTjHxVQwhcxJxM5cWuVLQIrwpEp6w',19),(20,'eyJ0eXAiOiJKV1QiLCJhbGciOiJIUzUxMiJ9.eyJzdWIiOiJya3RscmhybDMxNDI4NUBnbWFpbC5jb20iLCJpc3MiOiJzc2FmeS5jb20iLCJleHAiOjE3NDEzMjIxNTgsImlhdCI6MTc0MDExMjU1OH0.M8d5yyjX-5vkkcZw0gE58Bz3ajgdZKY2lXq2hD11-03hOBvJNX5SEo-2_e_FGBeHoCGvVedlD2ZIBHq107Ckkw',20),(21,'eyJ0eXAiOiJKV1QiLCJhbGciOiJIUzUxMiJ9.eyJzdWIiOiJqb25nd29vby5oYW5AZ21haWwuY29tIiwiaXNzIjoic3NhZnkuY29tIiwiZXhwIjoxNzQxMzIyMTY1LCJpYXQiOjE3NDAxMTI1NjV9.DeL03lWt4fs_6qF8Ox7n1WGFaPbtwH6IZ2fSxCZkXkecQupWJmIwEygCv9YddJfapMZ0EtjLjXO34EmfcTYvfg',21),(22,'eyJ0eXAiOiJKV1QiLCJhbGciOiJIUzUxMiJ9.eyJzdWIiOiJpdGRpY2VvZmZpY2lhbEBnbWFpbC5jb20iLCJpc3MiOiJzc2FmeS5jb20iLCJleHAiOjE3NDEzMjIyNzMsImlhdCI6MTc0MDExMjY3M30.jiI7XKuFa3Yq6y0kHGx-62FmkPgvwbgwJc7E9SP_jHmZr9qFsMjdaFGXqtrJceypgGymAwq68MMZvkBqQrVkqg',22),(23,'eyJ0eXAiOiJKV1QiLCJhbGciOiJIUzUxMiJ9.eyJzdWIiOiJ5dG9rb2dnQGdtYWlsLmNvbSIsImlzcyI6InNzYWZ5LmNvbSIsImV4cCI6MTc0MTMyMjg1NCwiaWF0IjoxNzQwMTEzMjU0fQ.YVBpz6-WyIa6YzPLIXJuDE0GuGvCXx9PrY-qlUhMsyAE9EazSCRLRl-rhzyvbbP9gSZKSpvtWYdGnp9Iy5qUbg',23),(24,'eyJ0eXAiOiJKV1QiLCJhbGciOiJIUzUxMiJ9.eyJzdWIiOiJzc2FmeS5jb2FjaDAwMUBnbWFpbC5jb20iLCJpc3MiOiJzc2FmeS5jb20iLCJleHAiOjE3NDEzMjk4MDUsImlhdCI6MTc0MDEyMDIwNX0.W1I_YicgLgaUcD6btdOXBrr-2KiqV8iRJpZvD4gHuCJ90xvT4-Vy4AGe3y9hgsiOT9leeuBHp-JGYSLfUvusDQ',24),(25,'eyJ0eXAiOiJKV1QiLCJhbGciOiJIUzUxMiJ9.eyJzdWIiOiJla3RoYTc2NjRAbmF2ZXIuY29tIiwiaXNzIjoic3NhZnkuY29tIiwiZXhwIjoxNzQxMzMwMzMzLCJpYXQiOjE3NDAxMjA3MzN9.G8lEyWoZlFyDl1GLEoBiLj1RLstqorN0Mq2ZONFOlGcBtAqytfyxVL22S8QnR0yWE4aVZ9-5LDAI2_N163KLMw',25),(26,'eyJ0eXAiOiJKV1QiLCJhbGciOiJIUzUxMiJ9.eyJzdWIiOiJ2aWdnb3IzOTc3QGdtYWlsLmNvbSIsImlzcyI6InNzYWZ5LmNvbSIsImV4cCI6MTc0MTM0MzM4MywiaWF0IjoxNzQwMTMzNzgzfQ.9FVR-XYXrZDtJ2Tf6Iy_J1g57p0W1lDP4Wi7h-Mtz3YSWI__82wqPZIGUVutmWo4a2M-mt7wZkPdz18Oe3hGTQ',26);
/*!40000 ALTER TABLE `refresh_token` ENABLE KEYS */;
UNLOCK TABLES;

--
-- Table structure for table `review`
--

DROP TABLE IF EXISTS `review`;
/*!40101 SET @saved_cs_client     = @@character_set_client */;
/*!50503 SET character_set_client = utf8mb4 */;
CREATE TABLE `review` (
  `id` bigint NOT NULL AUTO_INCREMENT,
  `created_at` datetime(6) DEFAULT NULL,
  `updated_at` datetime(6) DEFAULT NULL,
  `content` varchar(500) NOT NULL,
  `date` date NOT NULL,
  `rating` int NOT NULL,
  `tarotbot_id` bigint NOT NULL,
  `user_id` bigint NOT NULL,
  PRIMARY KEY (`id`),
  KEY `FKdh4lds6jk1lwmqbmnbe3025se` (`tarotbot_id`),
  KEY `FKiyf57dy48lyiftdrf7y87rnxi` (`user_id`),
  CONSTRAINT `FKdh4lds6jk1lwmqbmnbe3025se` FOREIGN KEY (`tarotbot_id`) REFERENCES `tarot_bot` (`id`),
  CONSTRAINT `FKiyf57dy48lyiftdrf7y87rnxi` FOREIGN KEY (`user_id`) REFERENCES `user` (`id`),
  CONSTRAINT `review_chk_1` CHECK (((`rating` >= 1) and (`rating` <= 5)))
) ENGINE=InnoDB DEFAULT CHARSET=utf8mb4 COLLATE=utf8mb4_0900_ai_ci;
/*!40101 SET character_set_client = @saved_cs_client */;

--
-- Dumping data for table `review`
--

LOCK TABLES `review` WRITE;
/*!40000 ALTER TABLE `review` DISABLE KEYS */;
/*!40000 ALTER TABLE `review` ENABLE KEYS */;
UNLOCK TABLES;

--
-- Table structure for table `tarot_bot`
--

DROP TABLE IF EXISTS `tarot_bot`;
/*!40101 SET @saved_cs_client     = @@character_set_client */;
/*!50503 SET character_set_client = utf8mb4 */;
CREATE TABLE `tarot_bot` (
  `id` bigint NOT NULL AUTO_INCREMENT,
  `created_at` datetime(6) DEFAULT NULL,
  `updated_at` datetime(6) DEFAULT NULL,
  `concept` varchar(255) DEFAULT NULL,
  `description` varchar(255) DEFAULT NULL,
  `mbti` varchar(10) DEFAULT NULL,
  `name` varchar(100) NOT NULL,
  `profile_image` varchar(255) DEFAULT NULL,
  PRIMARY KEY (`id`)
) ENGINE=InnoDB AUTO_INCREMENT=4 DEFAULT CHARSET=utf8mb4 COLLATE=utf8mb4_0900_ai_ci;
/*!40101 SET character_set_client = @saved_cs_client */;

--
-- Dumping data for table `tarot_bot`
--

LOCK TABLES `tarot_bot` WRITE;
/*!40000 ALTER TABLE `tarot_bot` DISABLE KEYS */;
INSERT INTO `tarot_bot` VALUES (1,'2025-02-16 14:34:40.006800','2025-02-21 10:07:49.981909','전문 타로 마스터','진이는 과거, 예상치 못한 좋지 않은 운세를 마주해 본 경험이 있지만, 오히려 그 일을 계기로 타로의 매력에 빠져 깊이 연구해 왔습니다.','INFP','진이','/images/dummy1.png'),(2,'2025-02-17 18:06:11.303897','2025-02-21 10:08:45.780999','물범','범달은 15세 남성 물범으로, 북극의 차가운 바다에서 태어났습니다. 차분한 에너지를 바탕으로 타로를 통해 미래를 조언합니다.','ISFJ','범달','/images/dummy2.png'),(3,'2025-02-17 18:06:39.426810','2025-02-17 18:06:39.426823','북극여우','루미는 12세 여성 북극여우로, 북극의 신비로운 얼음 동굴에서 태어났습니다.','INFP','루미','/images/dummy3.png');
/*!40000 ALTER TABLE `tarot_bot` ENABLE KEYS */;
UNLOCK TABLES;

--
-- Table structure for table `tarot_card`
--

DROP TABLE IF EXISTS `tarot_card`;
/*!40101 SET @saved_cs_client     = @@character_set_client */;
/*!50503 SET character_set_client = utf8mb4 */;
CREATE TABLE `tarot_card` (
  `id` bigint NOT NULL AUTO_INCREMENT,
  `card_image_url` varchar(255) NOT NULL,
  `card_number` int NOT NULL,
  `set_number` int NOT NULL,
  PRIMARY KEY (`id`)
) ENGINE=InnoDB DEFAULT CHARSET=utf8mb4 COLLATE=utf8mb4_0900_ai_ci;
/*!40101 SET character_set_client = @saved_cs_client */;

--
-- Dumping data for table `tarot_card`
--

LOCK TABLES `tarot_card` WRITE;
/*!40000 ALTER TABLE `tarot_card` DISABLE KEYS */;
/*!40000 ALTER TABLE `tarot_card` ENABLE KEYS */;
UNLOCK TABLES;

--
-- Table structure for table `tarotbot_expertise`
--

DROP TABLE IF EXISTS `tarotbot_expertise`;
/*!40101 SET @saved_cs_client     = @@character_set_client */;
/*!50503 SET character_set_client = utf8mb4 */;
CREATE TABLE `tarotbot_expertise` (
  `tarotbot_id` bigint NOT NULL,
  `expertise` varchar(100) DEFAULT NULL,
  KEY `FKillggc3go4930wkiagajkiwkb` (`tarotbot_id`),
  CONSTRAINT `FKillggc3go4930wkiagajkiwkb` FOREIGN KEY (`tarotbot_id`) REFERENCES `tarot_bot` (`id`)
) ENGINE=InnoDB DEFAULT CHARSET=utf8mb4 COLLATE=utf8mb4_0900_ai_ci;
/*!40101 SET character_set_client = @saved_cs_client */;

--
-- Dumping data for table `tarotbot_expertise`
--

LOCK TABLES `tarotbot_expertise` WRITE;
/*!40000 ALTER TABLE `tarotbot_expertise` DISABLE KEYS */;
/*!40000 ALTER TABLE `tarotbot_expertise` ENABLE KEYS */;
UNLOCK TABLES;

--
-- Table structure for table `today_fortune`
--

DROP TABLE IF EXISTS `today_fortune`;
/*!40101 SET @saved_cs_client     = @@character_set_client */;
/*!50503 SET character_set_client = utf8mb4 */;
CREATE TABLE `today_fortune` (
  `id` bigint NOT NULL AUTO_INCREMENT,
  `created_at` datetime(6) DEFAULT NULL,
  `updated_at` datetime(6) DEFAULT NULL,
  `card_name` varchar(255) NOT NULL,
  `date` date NOT NULL,
  `fortune` varchar(255) NOT NULL,
  `lucky_score` int NOT NULL,
  `tarot_card_id` bigint NOT NULL,
  `user_id` bigint NOT NULL,
  PRIMARY KEY (`id`),
  KEY `FKiak74bo0jqwy08yrqwd9vy9v9` (`tarot_card_id`),
  KEY `FKc72mv4td4kj1l5lf2wb8lx1w6` (`user_id`),
  CONSTRAINT `FKc72mv4td4kj1l5lf2wb8lx1w6` FOREIGN KEY (`user_id`) REFERENCES `user` (`id`),
  CONSTRAINT `FKiak74bo0jqwy08yrqwd9vy9v9` FOREIGN KEY (`tarot_card_id`) REFERENCES `tarot_card` (`id`)
) ENGINE=InnoDB DEFAULT CHARSET=utf8mb4 COLLATE=utf8mb4_0900_ai_ci;
/*!40101 SET character_set_client = @saved_cs_client */;

--
-- Dumping data for table `today_fortune`
--

LOCK TABLES `today_fortune` WRITE;
/*!40000 ALTER TABLE `today_fortune` DISABLE KEYS */;
/*!40000 ALTER TABLE `today_fortune` ENABLE KEYS */;
UNLOCK TABLES;

--
-- Table structure for table `user`
--

DROP TABLE IF EXISTS `user`;
/*!40101 SET @saved_cs_client     = @@character_set_client */;
/*!50503 SET character_set_client = utf8mb4 */;
CREATE TABLE `user` (
  `id` bigint NOT NULL AUTO_INCREMENT,
  `created_at` datetime(6) DEFAULT NULL,
  `updated_at` datetime(6) DEFAULT NULL,
  `is_admin` tinyint(1) NOT NULL DEFAULT '0',
  `name` varchar(100) NOT NULL,
  `password` varchar(255) DEFAULT NULL,
  `social` tinyint(1) NOT NULL DEFAULT '0',
  `user_id` varchar(50) NOT NULL,
  PRIMARY KEY (`id`),
  UNIQUE KEY `UK_a3imlf41l37utmxiquukk8ajc` (`user_id`)
) ENGINE=InnoDB AUTO_INCREMENT=27 DEFAULT CHARSET=utf8mb4 COLLATE=utf8mb4_0900_ai_ci;
/*!40101 SET character_set_client = @saved_cs_client */;

--
-- Dumping data for table `user`
--

LOCK TABLES `user` WRITE;
/*!40000 ALTER TABLE `user` DISABLE KEYS */;
INSERT INTO `user` VALUES (1,'2025-02-16 12:49:58.906344','2025-02-16 12:49:58.906390',0,'Kee-Hoon Won',NULL,1,'for.study.only.you@gmail.com'),(2,'2025-02-16 14:23:16.372916','2025-02-16 14:23:16.372937',0,'민경훈',NULL,1,'mgh123rg@gmail.com'),(3,'2025-02-17 00:00:54.925234','2025-02-17 00:00:54.925260',0,'나강',NULL,1,'liuyeon95@gmail.com'),(4,'2025-02-17 08:58:01.198064','2025-02-17 08:58:01.198077',0,'Kee Hoon Won',NULL,1,'cross3677@gmail.com'),(5,'2025-02-17 09:02:38.251344','2025-02-17 09:02:38.251354',0,'Riiss',NULL,1,'iksses545@gmail.com'),(6,'2025-02-17 09:35:31.746570','2025-02-17 09:35:31.746581',0,'송경민',NULL,1,'eclatantsum@gmail.com'),(7,'2025-02-18 15:01:36.434603','2025-02-18 15:01:36.434618',0,'Kee-Hoon Won',NULL,1,'amorinael@gmail.com'),(8,'2025-02-20 05:30:31.944104','2025-02-20 05:30:31.944119',0,'마시마로',NULL,1,'distere3670@gmail.com'),(9,'2025-02-20 05:48:23.158421','2025-02-20 05:48:23.158433',0,'shimaro Ma',NULL,1,'distere4@gmail.com'),(10,'2025-02-20 11:08:56.148347','2025-02-20 11:08:56.148359',0,'yewon',NULL,1,'cakejuuu@gmail.com'),(11,'2025-02-20 11:10:01.039015','2025-02-20 11:10:01.039030',0,'Seoyoung Kwon',NULL,1,'kwonseoy@gmail.com'),(12,'2025-02-20 11:23:27.798686','2025-02-20 11:23:27.798696',0,'Riis',NULL,1,'gunil099@gmail.com'),(13,'2025-02-20 21:15:23.474580','2025-02-20 21:15:23.474597',0,'김예현',NULL,1,'tinyfeather1004@gmail.com'),(14,'2025-02-21 08:23:06.814949','2025-02-21 08:23:06.814960',0,'‍민경훈[ 학부졸업 / 화학과 ]',NULL,1,'mgh123rg@korea.ac.kr'),(15,'2025-02-21 12:16:12.295670','2025-02-21 12:16:12.295683',0,'예원',NULL,1,'cakegongju@gmail.com'),(16,'2025-02-21 12:17:41.090387','2025-02-21 12:17:41.090399',0,'오니',NULL,1,'cakegongju@naver.com'),(17,'2025-02-21 13:23:44.907217','2025-02-21 13:23:44.907228',0,'이상현',NULL,1,'megahawk88@gmail.com'),(18,'2025-02-21 13:26:08.441654','2025-02-21 13:26:08.441664',0,'손승범',NULL,1,'devseungbeom@gmail.com'),(19,'2025-02-21 13:30:10.244890','2025-02-21 13:30:10.244900',0,'개화동과자사장',NULL,1,'ahnju98@gmail.com'),(20,'2025-02-21 13:35:58.539004','2025-02-21 13:35:58.539015',0,'임태호',NULL,1,'rktlrhrl314285@gmail.com'),(21,'2025-02-21 13:36:05.948218','2025-02-21 13:36:05.948229',0,'한종우',NULL,1,'jongwooo.han@gmail.com'),(22,'2025-02-21 13:37:53.047486','2025-02-21 13:37:53.047498',0,'Jin Park',NULL,1,'itdiceofficial@gmail.com'),(23,'2025-02-21 13:47:34.732998','2025-02-21 13:47:34.733009',0,'박유진',NULL,1,'ytokogg@gmail.com'),(24,'2025-02-21 15:36:09.643407','2025-02-21 15:36:09.643417',0,'ssafy',NULL,1,'ssafy.coach001@gmail.com'),(25,'2025-02-21 15:49:06.420144','2025-02-21 15:49:06.420159',0,'si si',NULL,1,'ektha7664@naver.com'),(26,'2025-02-21 19:29:43.328055','2025-02-21 19:29:43.328061',0,'호에엥',NULL,1,'viggor3977@gmail.com');
/*!40000 ALTER TABLE `user` ENABLE KEYS */;
UNLOCK TABLES;

--
-- Table structure for table `user_profile`
--

DROP TABLE IF EXISTS `user_profile`;
/*!40101 SET @saved_cs_client     = @@character_set_client */;
/*!50503 SET character_set_client = utf8mb4 */;
CREATE TABLE `user_profile` (
  `id` bigint NOT NULL AUTO_INCREMENT,
  `created_at` datetime(6) DEFAULT NULL,
  `updated_at` datetime(6) DEFAULT NULL,
  `birth_date` date DEFAULT NULL,
  `email` varchar(255) NOT NULL,
  `gender` varchar(255) DEFAULT NULL,
  `nickname` varchar(255) NOT NULL,
  `profile_image` varchar(255) DEFAULT NULL,
  `user_id` bigint NOT NULL,
  PRIMARY KEY (`id`),
  UNIQUE KEY `UK_tcks72p02h4dp13cbhxne17ad` (`email`),
  UNIQUE KEY `UK_m9ga0crhcge7onj1gx9a5lnjy` (`nickname`),
  UNIQUE KEY `UK_ebc21hy5j7scdvcjt0jy6xxrv` (`user_id`),
  CONSTRAINT `FK6kwj5lk78pnhwor4pgosvb51r` FOREIGN KEY (`user_id`) REFERENCES `user` (`id`)
) ENGINE=InnoDB AUTO_INCREMENT=27 DEFAULT CHARSET=utf8mb4 COLLATE=utf8mb4_0900_ai_ci;
/*!40101 SET character_set_client = @saved_cs_client */;

--
-- Dumping data for table `user_profile`
--

LOCK TABLES `user_profile` WRITE;
/*!40000 ALTER TABLE `user_profile` DISABLE KEYS */;
INSERT INTO `user_profile` VALUES (1,'2025-02-17 13:20:08.211626','2025-02-21 10:10:30.383962','1996-01-15','mgh123rg@gmail.com','Male','민경훈','/images/dummy6.png',2),(2,'2025-02-17 17:47:04.451407','2025-02-21 09:58:47.428482','2000-02-28','iksses545@gmail.com','female','리3323','blob:https://tarotvora.com/5db8c111-c624-4b61-9eb4-5feb884bbe76',5),(3,'2025-02-17 17:48:47.854802','2025-02-17 17:48:47.854812','2000-01-01','user@example.com','Male','MysticUser','https://example.com/image.png',3),(5,'2025-02-17 17:49:43.036707','2025-02-20 05:13:22.349348','2000-01-01','user@example2.com','Male','MysticUser222','https://example.com/image.png',4),(6,'2025-02-17 17:50:07.895568','2025-02-21 11:29:17.998247','2000-01-22','user@example3.com','male','kmin','blob:https://tarotvora.com/edb87156-f886-4f04-ae13-36bdc632f42e',6),(7,'2025-02-17 17:51:18.971081','2025-02-17 17:51:18.971091','2000-01-01','user@example4.com','Male','MysticUser4','https://example.com/image.png',1),(8,'2025-02-20 05:30:31.955411','2025-02-20 06:03:18.197895','2000-01-01','distere3670@gmail.com','Other','12345','/images/default_profile.png',8),(9,'2025-02-20 05:48:23.165512','2025-02-20 05:51:21.280815','2000-01-01','distere4@gmail.com','Other','123','/images/default_profile.png',9),(10,'2025-02-20 11:08:56.157836','2025-02-21 11:30:00.778744','2000-01-01','cakejuuu@gmail.com','Other','yewon','blob:https://tarotvora.com/fd27ac0a-c9ea-4fd3-aeb8-b160280f28b9',10),(11,'2025-02-20 11:10:01.045428','2025-02-20 11:10:01.045437','2000-01-01','kwonseoy@gmail.com','Other','Seoyoung Kwon','/images/default_profile.png',11),(12,'2025-02-20 11:23:27.805776','2025-02-21 12:22:42.918284','2000-01-01','gunil099@gmail.com','Other','Riis','blob:https://tarotvora.com/162e01c3-8d59-4143-b09d-19a748539ef5',12),(13,'2025-02-20 21:15:23.485152','2025-02-20 21:15:23.485164','2000-01-01','tinyfeather1004@gmail.com','Other','김예현','/images/default_profile.png',13),(14,'2025-02-21 08:23:06.820985','2025-02-21 12:25:52.132543','1996-01-15','mgh123rg@korea.ac.kr','male','보라','blob:https://tarotvora.com/0399e062-3bd1-4849-b4d1-858ec1222653',14),(15,'2025-02-21 12:16:12.302322','2025-02-21 12:16:12.302333','2000-01-01','cakegongju@gmail.com','Other','예원','/images/default_profile.png',15),(16,'2025-02-21 12:17:41.096230','2025-02-21 12:17:41.096238','2000-01-01','cakegongju@naver.com','Other','오니','/images/default_profile.png',16),(17,'2025-02-21 13:23:44.913862','2025-02-21 13:23:44.913871','2000-01-01','megahawk88@gmail.com','Other','이상현','/images/default_profile.png',17),(18,'2025-02-21 13:26:08.447257','2025-02-21 13:26:08.447267','2000-01-01','devseungbeom@gmail.com','Other','손승범','/images/default_profile.png',18),(19,'2025-02-21 13:30:10.250840','2025-02-21 13:30:10.250850','2000-01-01','ahnju98@gmail.com','Other','개화동과자사장','/images/default_profile.png',19),(20,'2025-02-21 13:35:58.544649','2025-02-21 13:37:33.128258','2000-01-01','rktlrhrl314285@gmail.com','Other','임ㄴ이미니이미임러아ㅏ임ㄴ이미니이미임러아ㅏ임ㄴ이미니이미임러아ㅏ임ㄴ이미니이미임러아ㅏ임ㄴ이미니이미임러아ㅏ임ㄴ이미니이미임러아ㅏ임ㄴ이미니이미임러아ㅏ임ㄴ이미니이미임러아ㅏ임ㄴ이미니이미임러아ㅏ임ㄴ이미니이미임러아ㅏ임ㄴ이미니이미임러아ㅏ임ㄴ이미니이미임러아ㅏ임ㄴ이미니이미임러아ㅏ임ㄴ이미니이미임러아ㅏ','/images/default_profile.png',20),(21,'2025-02-21 13:36:05.955391','2025-02-21 13:37:06.101993','2000-01-01','jongwooo.han@gmail.com','male','한종우','blob:https://tarotvora.com/ca0f05c3-e8fe-4dc4-9291-6acff3459862',21),(22,'2025-02-21 13:37:53.053106','2025-02-21 13:37:53.053114','2000-01-01','itdiceofficial@gmail.com','Other','Jin Park','/images/default_profile.png',22),(23,'2025-02-21 13:47:34.738817','2025-02-21 13:49:29.765574','1997-04-25','ytokogg@gmail.com','male','박유진','blob:https://tarotvora.com/e1b38f99-37d1-4cdd-8714-5b8622c473a6',23),(24,'2025-02-21 15:36:09.648844','2025-02-21 15:39:39.565158','1999-12-30','sssss@gmail.com','female','sssssssssssssssssssssssssssssss','/images/default_profile.png',24),(25,'2025-02-21 15:49:06.426677','2025-02-21 15:49:06.426687','2000-01-01','ektha7664@naver.com','Other','si si','/images/default_profile.png',25),(26,'2025-02-21 19:29:43.333578','2025-02-21 19:29:43.333583','2000-01-01','viggor3977@gmail.com','Other','호에엥','/images/default_profile.png',26);
/*!40000 ALTER TABLE `user_profile` ENABLE KEYS */;
UNLOCK TABLES;
/*!40103 SET TIME_ZONE=@OLD_TIME_ZONE */;

/*!40101 SET SQL_MODE=@OLD_SQL_MODE */;
/*!40014 SET FOREIGN_KEY_CHECKS=@OLD_FOREIGN_KEY_CHECKS */;
/*!40014 SET UNIQUE_CHECKS=@OLD_UNIQUE_CHECKS */;
/*!40101 SET CHARACTER_SET_CLIENT=@OLD_CHARACTER_SET_CLIENT */;
/*!40101 SET CHARACTER_SET_RESULTS=@OLD_CHARACTER_SET_RESULTS */;
/*!40101 SET COLLATION_CONNECTION=@OLD_COLLATION_CONNECTION */;
/*!40111 SET SQL_NOTES=@OLD_SQL_NOTES */;

-- Dump completed on 2025-02-21 11:28:19
